date,time,league,season,matchday,matchID,home,away,home_score,away_score,home_dfl_duels_accuracy_total,home_dfl_duels_accuracy_h2,home_dfl_duels_accuracy_h1,home_dfl_duels_h2,home_dfl_duels_h1,home_dfl_duels_total,home_dfl_duels_lost_h2,home_dfl_duels_lost_h1,home_dfl_duels_lost_total,home_dfl_duels_won_h2,home_dfl_duels_won_h1,home_dfl_duels_won_total,home_tackles_accuracy_total,home_tackles_accuracy_h2,home_tackles_accuracy_h1,home_shots_accuracy_total,home_shots_accuracy_h2,home_shots_accuracy_h1,home_crosses_accuracy_total,home_crosses_accuracy_h2,home_crosses_accuracy_h1,home_passes_opponents_half_accuracy_total,home_passes_opponents_half_accuracy_h2,home_passes_opponents_half_accuracy_h1,home_passes_accuracy_total,home_passes_accuracy_h2,home_passes_accuracy_h1,home_duels_accuracy_total,home_duels_accuracy_h2,home_duels_accuracy_h1,home_aerial_duels_accuracy_total,home_aerial_duels_accuracy_h2,home_aerial_duels_accuracy_h1,home_tackles_won_h2,home_tackles_won_h1,home_tackles_won_total,home_corners_won_h2,home_corners_won_h1,home_corners_won_total,home_won_contest_h2,home_won_contest_h1,home_won_contest_total,home_cards_yellow_h2,home_cards_yellow_h1,home_cards_yellow_total,home_through_balls_h2,home_through_balls_h1,home_through_balls_total,home_tackles_h2,home_tackles_h1,home_tackles_total,home_shots_h2,home_shots_h1,home_shots_total,home_cards_red_h2,home_cards_red_h1,home_cards_red_total,home_passes_h2,home_passes_h1,home_passes_total,home_offsides_h2,home_offsides_h1,home_offsides_total,home_passes_long_h2,home_passes_long_h1,home_passes_long_total,home_passes_opponents_half_h2,home_passes_opponents_half_h1,home_passes_opponents_half_total,home_passes_final_third_h2,home_passes_final_third_h1,home_passes_final_third_total,home_crosses_not_corners_h2,home_crosses_not_corners_h1,home_crosses_not_corners_total,home_crosses_h2,home_crosses_h1,home_crosses_total,home_clearances_h2,home_clearances_h1,home_clearances_total,home_assists_h2,home_assists_h1,home_assists_total,home_put_throughs_successful_h2,home_put_throughs_successful_h1,home_put_throughs_successful_total,home_passes_final_third_successful_h2,home_passes_final_third_successful_h1,home_passes_final_third_successful_total,home_fifty_fifties_successful_h2,home_fifty_fifties_successful_h1,home_fifty_fifties_successful_total,home_shots_off_target_h2,home_shots_off_target_h1,home_shots_off_target_total,home_passes_right_h2,home_passes_right_h1,home_passes_right_total,home_put_throughs_h2,home_put_throughs_h1,home_put_throughs_total,home_possession_h2,home_possession_h1,home_possession_total,home_possession_won_middle_3rd_h2,home_possession_won_middle_3rd_h1,home_possession_won_middle_3rd_total,home_possession_won_defensive_3rd_h2,home_possession_won_defensive_3rd_h1,home_possession_won_defensive_3rd_total,home_possession_won_attacking_3rd_h2,home_possession_won_attacking_3rd_h1,home_possession_won_attacking_3rd_total,home_possession_lost_all_h2,home_possession_lost_all_h1,home_possession_lost_all_total,home_pen_area_entries_h2,home_pen_area_entries_h1,home_pen_area_entries_total,home_shots_on_target_h2,home_shots_on_target_h1,home_shots_on_target_total,home_passes_left_h2,home_passes_left_h1,home_passes_left_total,home_interceptions_h2,home_interceptions_h1,home_interceptions_total,home_goals_h2,home_goals_h1,home_goals_total,home_passes_forward_h2,home_passes_forward_h1,home_passes_forward_total,home_freekick_crosses_h2,home_freekick_crosses_h1,home_freekick_crosses_total,home_formation_used_h2,home_formation_used_h1,home_formation_used_total,home_fouls_won_h2,home_fouls_won_h1,home_fouls_won_total,home_fouls_conceded_h2,home_fouls_conceded_h1,home_fouls_conceded_total,home_final_third_entries_h2,home_final_third_entries_h1,home_final_third_entries_total,home_fifty_fifties_h2,home_fifty_fifties_h1,home_fifty_fifties_total,home_duels_won_h2,home_duels_won_h1,home_duels_won_total,home_duels_lost_h2,home_duels_lost_h1,home_duels_lost_total,home_corner_taken_h2,home_corner_taken_h1,home_corner_taken_total,home_shots_blocked_h2,home_shots_blocked_h1,home_shots_blocked_total,home_recoveries_h2,home_recoveries_h1,home_recoveries_total,home_passes_backward_h2,home_passes_backward_h1,home_passes_backward_total,home_shots_conceded_outside_box_h2,home_shots_conceded_outside_box_h1,home_shots_conceded_outside_box_total,home_shots_conceded_inside_box_h2,home_shots_conceded_inside_box_h1,home_shots_conceded_inside_box_total,home_own_goals_outside_box_h2,home_own_goals_outside_box_h1,home_own_goals_outside_box_total,home_own_goals_inside_box_h2,home_own_goals_inside_box_h1,home_own_goals_inside_box_total,home_att_hd_total_h2,home_att_hd_total_h1,home_att_hd_total_total,home_aerial_duels_won_h2,home_aerial_duels_won_h1,home_aerial_duels_won_total,home_aerial_duels_lost_h2,home_aerial_duels_lost_h1,home_aerial_duels_lost_total,home_passes_successful_h2,home_passes_successful_h1,home_passes_successful_total,home_passes_opponents_half_successful_h2,home_passes_opponents_half_successful_h1,home_passes_opponents_half_successful_total,home_crosses_successful_h2,home_crosses_successful_h1,home_crosses_successful_total,home_touches_h2,home_touches_h1,home_touches_total,away_dfl_duels_accuracy_total,away_dfl_duels_accuracy_h2,away_dfl_duels_accuracy_h1,away_dfl_duels_h2,away_dfl_duels_h1,away_dfl_duels_total,away_dfl_duels_lost_h2,away_dfl_duels_lost_h1,away_dfl_duels_lost_total,away_dfl_duels_won_h2,away_dfl_duels_won_h1,away_dfl_duels_won_total,away_tackles_accuracy_total,away_tackles_accuracy_h2,away_tackles_accuracy_h1,away_shots_accuracy_total,away_shots_accuracy_h2,away_shots_accuracy_h1,away_crosses_accuracy_total,away_crosses_accuracy_h2,away_crosses_accuracy_h1,away_passes_opponents_half_accuracy_total,away_passes_opponents_half_accuracy_h2,away_passes_opponents_half_accuracy_h1,away_passes_accuracy_total,away_passes_accuracy_h2,away_passes_accuracy_h1,away_duels_accuracy_total,away_duels_accuracy_h2,away_duels_accuracy_h1,away_aerial_duels_accuracy_total,away_aerial_duels_accuracy_h2,away_aerial_duels_accuracy_h1,away_tackles_won_h2,away_tackles_won_h1,away_tackles_won_total,away_corners_won_h2,away_corners_won_h1,away_corners_won_total,away_won_contest_h2,away_won_contest_h1,away_won_contest_total,away_cards_yellow_h2,away_cards_yellow_h1,away_cards_yellow_total,away_through_balls_h2,away_through_balls_h1,away_through_balls_total,away_tackles_h2,away_tackles_h1,away_tackles_total,away_shots_h2,away_shots_h1,away_shots_total,away_cards_red_h2,away_cards_red_h1,away_cards_red_total,away_passes_h2,away_passes_h1,away_passes_total,away_offsides_h2,away_offsides_h1,away_offsides_total,away_passes_long_h2,away_passes_long_h1,away_passes_long_total,away_passes_opponents_half_h2,away_passes_opponents_half_h1,away_passes_opponents_half_total,away_passes_final_third_h2,away_passes_final_third_h1,away_passes_final_third_total,away_crosses_not_corners_h2,away_crosses_not_corners_h1,away_crosses_not_corners_total,away_crosses_h2,away_crosses_h1,away_crosses_total,away_clearances_h2,away_clearances_h1,away_clearances_total,away_assists_h2,away_assists_h1,away_assists_total,away_put_throughs_successful_h2,away_put_throughs_successful_h1,away_put_throughs_successful_total,away_passes_final_third_successful_h2,away_passes_final_third_successful_h1,away_passes_final_third_successful_total,away_fifty_fifties_successful_h2,away_fifty_fifties_successful_h1,away_fifty_fifties_successful_total,away_shots_off_target_h2,away_shots_off_target_h1,away_shots_off_target_total,away_passes_right_h2,away_passes_right_h1,away_passes_right_total,away_put_throughs_h2,away_put_throughs_h1,away_put_throughs_total,away_possession_h2,away_possession_h1,away_possession_total,away_possession_won_middle_3rd_h2,away_possession_won_middle_3rd_h1,away_possession_won_middle_3rd_total,away_possession_won_defensive_3rd_h2,away_possession_won_defensive_3rd_h1,away_possession_won_defensive_3rd_total,away_possession_won_attacking_3rd_h2,away_possession_won_attacking_3rd_h1,away_possession_won_attacking_3rd_total,away_possession_lost_all_h2,away_possession_lost_all_h1,away_possession_lost_all_total,away_pen_area_entries_h2,away_pen_area_entries_h1,away_pen_area_entries_total,away_shots_on_target_h2,away_shots_on_target_h1,away_shots_on_target_total,away_passes_left_h2,away_passes_left_h1,away_passes_left_total,away_interceptions_h2,away_interceptions_h1,away_interceptions_total,away_goals_h2,away_goals_h1,away_goals_total,away_passes_forward_h2,away_passes_forward_h1,away_passes_forward_total,away_freekick_crosses_h2,away_freekick_crosses_h1,away_freekick_crosses_total,away_formation_used_h2,away_formation_used_h1,away_formation_used_total,away_fouls_won_h2,away_fouls_won_h1,away_fouls_won_total,away_fouls_conceded_h2,away_fouls_conceded_h1,away_fouls_conceded_total,away_final_third_entries_h2,away_final_third_entries_h1,away_final_third_entries_total,away_fifty_fifties_h2,away_fifty_fifties_h1,away_fifty_fifties_total,away_duels_won_h2,away_duels_won_h1,away_duels_won_total,away_duels_lost_h2,away_duels_lost_h1,away_duels_lost_total,away_corner_taken_h2,away_corner_taken_h1,away_corner_taken_total,away_shots_blocked_h2,away_shots_blocked_h1,away_shots_blocked_total,away_recoveries_h2,away_recoveries_h1,away_recoveries_total,away_passes_backward_h2,away_passes_backward_h1,away_passes_backward_total,away_shots_conceded_outside_box_h2,away_shots_conceded_outside_box_h1,away_shots_conceded_outside_box_total,away_shots_conceded_inside_box_h2,away_shots_conceded_inside_box_h1,away_shots_conceded_inside_box_total,away_own_goals_outside_box_h2,away_own_goals_outside_box_h1,away_own_goals_outside_box_total,away_own_goals_inside_box_h2,away_own_goals_inside_box_h1,away_own_goals_inside_box_total,away_att_hd_total_h2,away_att_hd_total_h1,away_att_hd_total_total,away_aerial_duels_won_h2,away_aerial_duels_won_h1,away_aerial_duels_won_total,away_aerial_duels_lost_h2,away_aerial_duels_lost_h1,away_aerial_duels_lost_total,away_passes_successful_h2,away_passes_successful_h1,away_passes_successful_total,away_passes_opponents_half_successful_h2,away_passes_opponents_half_successful_h1,away_passes_opponents_half_successful_total,away_crosses_successful_h2,away_crosses_successful_h1,away_crosses_successful_total,away_touches_h2,away_touches_h1,away_touches_total
2022-12-18,15:00,World Cup,2022,8,2278411,Argentina,Francia,3,3,43.7,58.5,64.8,70,77,199,44,37,112,62,68,87,78.3,83.3,70,50,66.7,50,5.9,0,0,69.8,63.5,77,82.7,74,88,39.7,29.4,49.1,31.3,21.4,30,5,7,18,2,2,6,2,4,8,1,1,5,1,1,3,6,10,23,6,6,20,0,0,0,200,291,635,0,3,4,27,26,64,115,122,318,68,74,185,1,5,11,3,7,17,12,2,21,5,5,15,4,5,11,45,56,135,7,8,18,1,3,7,41,88,171,7,8,20,44.5,59.2,54,13,13,38,15,9,30,2,6,11,78,64,189,10,11,30,4,3,10,35,78,147,8,2,10,0,2,3,94,74,219,0,0,0,0,0,433,4,11,18,10,10,26,21,19,58,12,14,33,15,27,58,36,28,88,2,2,6,1,0,3,34,30,87,30,51,98,1,0,3,5,0,7,0,0,0,0,0,0,0,0,1,3,3,10,11,7,22,148,256,525,73,94,222,0,0,1,0,0,894,54.9,67.8,60.4,72,79,204,28,42,92,59,64,112,57.7,63.6,37.5,50,50,-,12.5,15.4,0,62.2,66.7,63.5,76.9,79.2,76.8,60.3,70.6,50.9,68.8,78.6,70,7,3,15,3,0,5,5,4,17,3,0,3,0,0,1,11,8,26,6,0,10,0,0,0,240,203,532,2,0,4,30,26,75,144,96,288,57,49,129,10,4,19,13,4,24,4,7,18,4,0,6,3,3,9,36,28,73,5,6,15,2,0,2,63,50,132,9,10,25,55.5,40.8,46,18,13,37,12,10,27,2,1,7,84,66,195,16,6,31,3,0,5,59,56,135,2,7,9,2,0,3,92,68,203,1,2,5,0,0,4231,9,9,23,5,11,19,31,28,78,12,14,33,36,28,88,15,27,58,3,0,5,1,0,3,37,25,78,26,29,62,3,3,8,3,3,12,0,0,0,0,0,0,0,0,0,11,7,22,3,3,10,190,156,409,96,61,179,2,0,3,0,0,786
2022-12-17,15:00,World Cup,2022,7,2278408,Croacia,Marruecos,2,1,49.2,62.1,60.7,71,47,118,36,24,60,59,37,58,70,80,60,33.3,0,50,21.4,28.6,14.3,70.2,62.9,74.8,84.4,78.4,88.7,53.1,51,56.3,42.9,44.4,40,8,6,14,4,2,6,3,3,6,0,0,0,1,1,2,10,10,20,4,8,12,0,0,0,204,283,487,0,2,2,28,21,49,89,139,228,42,63,105,4,5,9,7,7,14,13,6,19,3,7,10,4,3,7,24,45,69,6,2,8,3,2,5,58,80,138,9,6,15,42.3,59,50.6,15,10,25,22,5,27,1,6,7,62,53,115,13,16,29,0,4,4,45,91,136,5,3,8,0,2,2,80,73,153,0,0,0,0,0,4231,8,3,11,7,6,13,25,27,52,13,9,22,25,18,43,24,14,38,4,2,6,1,2,3,40,24,64,21,39,60,1,1,2,4,3,7,0,0,0,0,0,0,0,2,2,4,2,6,5,3,8,160,251,411,56,104,160,2,1,3,0,0,653,50.8,63.5,64.6,71,47,118,35,23,58,61,42,60,80,71.4,100,22.2,20,25,22.2,23.1,20,74.8,77.4,68.7,85.4,86.8,83.4,46.9,49,43.8,57.1,55.6,60,5,3,8,1,2,3,5,2,7,2,0,2,0,0,0,7,3,10,5,4,9,0,0,0,273,199,472,2,0,2,18,23,41,159,67,226,68,40,108,12,4,16,13,5,18,5,12,17,4,2,6,5,3,8,46,25,71,7,7,14,2,3,5,75,53,128,9,6,15,57.7,41,49.4,14,8,22,16,11,27,5,1,6,67,52,119,16,9,25,1,1,2,89,55,144,5,5,10,0,1,1,82,56,138,0,2,2,0,0,433,7,6,13,8,3,11,28,16,44,13,9,22,24,14,38,25,18,43,1,2,3,2,0,2,39,22,61,27,35,62,3,4,7,1,4,5,0,0,0,0,0,0,3,2,5,5,3,8,4,2,6,237,166,403,123,46,169,3,1,4,0,0,640
2022-12-14,19:00,World Cup,2022,6,2278406,Francia,Marruecos,2,0,58.9,71,65.1,76,65,141,29,29,58,71,54,83,66.7,75,61.5,21.4,20,22.2,50,33.3,66.7,72.7,67.5,77,80.7,76.1,84.3,57.6,55.6,60,62.5,50,80,6,8,14,0,2,2,9,2,11,0,0,0,1,1,2,8,13,21,5,9,14,0,0,0,159,204,363,2,2,4,29,20,49,83,100,183,22,48,70,3,1,4,3,3,6,14,4,18,4,7,11,7,3,10,13,30,43,10,6,16,2,4,6,32,64,96,9,7,16,33.3,44,38.6,9,15,24,18,10,28,0,0,0,62,47,109,5,5,10,1,2,3,35,57,92,11,7,18,1,1,2,69,56,125,2,0,2,0,0,4231,6,4,10,3,8,11,15,31,46,13,13,26,30,27,57,24,18,42,0,2,2,2,3,5,28,29,57,23,27,50,2,3,5,6,2,8,0,0,0,0,0,0,1,1,2,7,8,15,7,2,9,121,172,293,56,77,133,1,2,3,0,0,545,40.7,55.7,60.4,76,64,140,47,36,83,59,55,57,53.3,33.3,83.3,23.1,12.5,40,6.7,10,0,73.9,75.3,71.1,86.8,86,87.8,42.4,44.4,40,37.5,50,20,3,5,8,1,2,3,5,2,7,0,1,1,0,1,1,9,6,15,8,5,13,0,0,0,314,262,576,2,1,3,15,20,35,190,97,287,74,41,115,10,3,13,10,5,15,2,0,2,2,4,6,2,3,5,50,30,80,3,7,10,3,2,5,86,75,161,9,6,15,66.7,56,61.4,14,15,29,14,7,21,1,1,2,75,59,134,15,11,26,1,2,3,85,81,166,1,6,7,0,0,0,105,67,172,1,1,2,0,0,541,3,8,11,7,4,11,28,13,41,13,13,26,24,18,42,30,27,57,1,2,3,4,1,5,31,23,54,38,39,77,1,1,2,4,8,12,0,0,0,0,0,0,1,0,1,7,2,9,7,8,15,270,230,500,143,69,212,1,0,1,0,0,735
2022-12-13,19:00,World Cup,2022,6,2278404,Argentina,Croacia,3,0,47.2,61.6,61.9,81,61,142,43,32,75,69,52,67,40.9,38.5,44.4,77.8,75,80,16.7,0,25,77.9,78.5,77.3,83.5,83.2,83.7,43.2,44.6,41,46.2,55.6,25,5,4,9,0,2,2,3,2,5,2,0,2,0,2,2,13,9,22,4,5,9,0,0,0,197,202,399,0,1,1,26,17,43,121,110,231,55,54,109,2,2,4,2,4,6,13,8,21,4,3,7,7,7,14,43,40,83,6,6,12,1,0,1,39,51,90,9,12,21,39.9,38.5,39.2,8,16,24,14,10,24,3,1,4,54,50,104,5,12,17,3,4,7,35,52,87,2,6,8,1,2,3,86,64,150,0,0,0,0,0,442,4,4,8,12,3,15,22,21,43,16,10,26,25,16,41,31,23,54,0,2,2,0,1,1,32,28,60,37,35,72,5,1,6,3,3,6,0,0,0,0,0,0,0,1,1,5,1,6,4,3,7,164,169,333,95,85,180,0,1,1,0,0,582,52.4,64.2,61.5,81,62,143,38,30,68,68,48,75,78.9,100,63.6,16.7,25,0,20,30,10,78.9,78.9,78.9,87.5,87.5,87.4,56.8,55.4,59,53.8,44.4,75,8,7,15,2,2,4,7,6,13,0,2,2,0,1,1,8,11,19,8,4,12,0,0,0,289,318,607,0,0,0,14,17,31,180,175,355,68,69,137,8,10,18,10,10,20,2,5,7,6,3,9,2,5,7,48,50,98,10,4,14,4,3,7,92,84,176,9,13,22,60.1,61.5,60.8,17,11,28,18,11,29,0,2,2,64,64,128,13,11,24,2,0,2,88,90,178,2,3,5,0,0,0,78,90,168,2,0,2,0,0,433,12,3,15,4,4,8,28,27,55,16,10,26,31,23,54,25,16,41,2,2,4,2,1,3,38,27,65,31,54,85,1,2,3,3,3,6,0,0,0,0,0,0,1,1,2,4,3,7,5,1,6,253,278,531,142,138,280,3,1,4,0,0,790
2022-12-10,19:00,World Cup,2022,5,2278400,Inglaterra,Francia,1,2,56.7,68.2,68,61,59,120,28,24,52,60,51,68,62.5,66.7,60,50,45.5,60,33.3,23.1,60,77.6,71.7,81.9,87.7,84.3,89.9,54.7,50,61,48.6,46.7,57.1,4,6,10,3,2,5,0,4,4,1,0,1,0,0,0,6,10,16,11,5,16,0,0,0,197,306,503,0,1,1,21,20,41,106,149,255,58,73,131,10,3,13,13,5,18,9,4,13,7,4,11,4,4,8,43,53,96,2,6,8,4,0,4,52,89,141,5,6,11,56.8,57.5,57.2,7,10,17,15,5,20,2,6,8,50,49,99,20,9,29,5,3,8,49,101,150,3,5,8,1,0,1,67,70,137,1,0,1,0,0,433,7,7,14,9,1,10,25,26,51,2,12,14,27,25,52,27,16,43,3,2,5,2,2,4,26,24,50,29,46,75,2,1,3,3,2,5,0,0,0,0,0,0,2,1,3,14,4,18,16,3,19,166,275,441,76,122,198,3,3,6,0,0,663,42.9,62.5,57.8,61,58,119,33,35,68,55,48,51,70,0,77.8,62.5,60,66.7,36.4,42.9,25,76.7,66,85.4,81.2,70.9,88.1,45.3,50,39,51.4,53.3,42.9,0,7,7,1,1,2,1,3,4,2,1,3,0,0,0,1,9,10,5,3,8,0,0,0,151,226,377,2,0,2,29,26,55,106,130,236,61,67,128,6,3,9,7,4,11,11,4,15,5,3,8,1,1,2,37,59,96,0,6,6,1,1,2,32,52,84,5,5,10,43.2,42.5,42.8,6,7,13,12,21,33,2,0,2,66,46,112,13,8,21,3,2,5,31,56,87,2,3,5,1,1,2,67,76,143,2,0,2,0,0,4231,9,1,10,7,7,14,36,26,62,2,12,14,27,16,43,27,25,52,1,1,2,1,0,1,27,30,57,21,42,63,5,3,8,6,2,8,0,0,0,0,0,0,2,1,3,16,3,19,14,4,18,107,199,306,70,111,181,3,1,4,0,0,525
2022-12-10,15:00,World Cup,2022,5,2278403,Marruecos,Portugal,1,0,50,63.9,64.1,67,49,116,35,23,58,62,41,58,58.3,62.5,50,33.3,50,28.6,42.9,0,50,54.2,37.5,66.1,71.3,53.7,80,47.7,42.3,55.9,48,35.7,63.6,5,2,7,0,3,3,6,3,9,1,0,1,0,0,0,8,4,12,2,7,9,1,0,1,82,165,247,2,0,2,27,28,55,40,56,96,21,23,44,1,4,5,1,6,7,25,10,35,2,7,9,7,2,9,8,15,23,3,5,8,1,5,6,10,40,50,7,6,13,18.3,34.3,26.7,7,4,11,20,16,36,0,1,1,64,53,117,3,10,13,1,2,3,11,36,47,5,4,9,0,1,1,57,67,124,1,0,1,0,0,433,3,6,9,11,4,15,16,10,26,8,9,17,22,19,41,30,15,45,0,3,3,0,0,0,31,23,54,4,22,26,2,2,4,5,3,8,0,0,0,0,0,0,0,3,3,5,7,12,9,4,13,44,132,176,15,37,52,0,3,3,0,0,424,48.7,62.6,61.2,69,48,117,34,26,60,57,41,57,66.7,42.9,100,25,28.6,20,22.9,20.7,33.3,73.1,77,65,85.5,86,85,52.3,57.7,44.1,52,64.3,36.4,3,5,8,7,2,9,4,2,6,1,0,1,1,0,1,7,5,12,7,5,12,0,0,0,342,321,663,0,2,2,26,30,56,287,137,424,127,58,185,23,5,28,29,6,35,1,1,2,7,3,10,0,3,3,97,28,125,5,4,9,4,2,6,103,106,209,9,5,14,81.7,65.7,73.3,12,10,22,13,5,18,3,4,7,90,67,157,33,14,47,2,1,3,105,96,201,4,5,9,0,0,0,97,81,178,1,1,2,0,0,433,10,4,14,3,6,9,48,32,80,8,9,17,30,15,45,22,19,41,7,2,9,1,2,3,28,23,51,37,38,75,2,2,4,0,5,5,0,0,0,0,0,0,3,1,4,9,4,13,5,7,12,294,273,567,221,89,310,6,2,8,0,0,839
2022-12-09,19:00,World Cup,2022,5,2278399,Países Bajos,Argentina,2,2,46.7,60.4,61.9,65,64,165,38,32,88,58,52,77,50,33.3,57.1,33.3,50,0,24,33.3,16.7,67.8,73.1,66.7,83.4,85.4,83.2,44.7,39.2,48.7,59.4,64.3,58.3,1,4,9,1,1,2,0,0,2,3,2,6,0,1,1,3,7,18,4,1,6,0,0,1,268,291,634,0,0,1,24,27,68,160,117,314,65,46,123,14,6,24,15,6,25,1,4,14,2,1,4,0,4,4,39,26,71,7,9,18,0,1,1,77,63,152,4,10,15,61.8,57.4,51.9,13,11,30,5,10,21,1,1,2,71,65,162,21,10,38,2,0,2,63,89,167,6,7,15,2,0,2,88,88,212,2,3,6,0,0,3412,8,5,16,10,8,30,38,23,70,10,15,27,20,19,55,31,20,68,1,1,2,2,0,3,22,30,66,40,51,103,1,3,9,1,2,5,0,0,0,0,0,0,1,0,1,9,7,19,5,5,13,229,242,529,117,78,213,5,1,6,0,0,843,52.1,67.1,61.4,65,64,167,28,32,80,57,51,87,68.4,75,60,35.7,50,60,16.7,50,0,72.8,64.6,71,82.9,76.4,80.6,55.3,60.8,51.3,40.6,35.7,41.7,9,3,13,1,0,8,4,2,7,4,2,8,0,1,1,12,5,19,2,5,14,0,0,0,174,222,602,1,1,2,25,21,52,82,124,323,40,53,146,1,3,6,2,3,12,14,4,19,0,4,11,3,6,10,22,35,98,3,6,9,1,1,5,45,62,163,4,10,17,38.2,42.6,48.1,7,10,22,13,8,23,1,4,6,52,59,148,5,11,28,1,3,5,31,59,151,2,4,6,1,1,2,60,68,186,0,0,0,0,0,532,10,8,30,9,6,18,15,17,45,10,15,27,31,20,68,20,19,55,1,0,8,0,1,4,25,26,64,38,33,102,1,1,2,3,0,4,0,0,0,0,0,0,0,0,1,5,5,13,9,7,19,133,179,499,53,88,235,1,0,2,0,0,814
2022-12-09,15:00,World Cup,2022,5,2278402,Croacia,Brasil,1,1,52.5,61.3,64.6,55,65,177,29,29,84,46,53,93,60.7,50,83.3,11.1,0,0,25,28.6,11.1,78.7,82.4,73.6,88.3,91.7,85.3,54.8,45.9,59.5,52,37.5,62.5,4,10,17,1,1,3,0,2,5,0,1,2,0,0,0,8,12,28,3,3,9,0,0,0,276,266,694,1,2,3,20,23,55,142,125,361,44,47,139,6,8,22,7,9,24,16,7,32,3,3,9,5,5,10,34,32,104,4,6,15,1,2,5,78,54,167,10,11,24,50.9,49.6,50.5,5,15,23,16,10,36,1,3,5,48,57,142,9,9,25,0,0,1,78,73,196,5,2,9,0,0,1,78,84,215,0,1,2,0,0,433,6,6,22,7,8,22,21,29,73,8,12,29,17,25,68,20,17,56,1,1,3,2,1,3,26,33,74,42,55,116,2,3,6,8,2,15,0,0,0,0,0,0,1,0,1,3,5,13,5,3,12,253,227,613,117,92,284,2,1,6,0,0,935,47.2,63.9,59.6,55,64,176,26,36,93,46,53,83,68.8,57.1,75,52.4,50,60,29.2,33.3,20,81.4,82,81.5,89,88.9,89.6,45.2,54.1,40.5,48,62.5,37.5,4,3,11,4,1,7,1,3,7,2,1,3,2,1,3,7,4,16,10,5,21,0,0,0,261,279,684,1,1,3,10,15,34,178,146,424,92,53,197,8,4,18,12,5,24,5,6,15,7,3,14,5,5,13,73,38,150,4,6,14,1,0,3,79,81,199,10,10,23,49.1,50.4,49.5,10,12,30,10,11,27,2,0,3,52,55,149,16,12,39,5,3,11,67,82,189,4,7,13,0,0,1,82,76,205,0,0,1,0,0,4231,7,8,22,7,6,24,30,25,72,8,12,29,20,17,56,17,25,68,4,1,7,4,2,7,24,24,63,33,40,91,1,2,4,2,1,5,0,0,0,0,0,0,1,0,3,5,3,12,3,5,13,232,250,609,146,119,345,4,1,7,0,0,922
2022-12-06,19:00,World Cup,2022,4,2278174,Portugal,Suiza,6,1,59.1,67.2,71,44,49,93,20,18,38,41,44,55,81.3,70,100,60,44.4,83.3,42.9,37.5,50,70.4,68.8,71.7,82.9,82.1,83.4,56.5,54.1,59.4,47.6,25,61.5,7,6,13,3,3,6,1,2,3,0,0,0,1,1,2,10,6,16,9,6,15,0,0,0,184,265,449,1,2,3,23,34,57,93,120,213,39,54,93,5,5,10,8,6,14,6,4,10,7,5,12,1,6,7,24,37,61,3,6,9,2,1,3,36,76,112,3,9,12,42.1,52.8,47.8,15,8,23,13,15,28,1,0,1,46,61,107,12,12,24,4,5,9,41,58,99,4,4,8,4,2,6,72,69,141,1,0,1,0,0,433,7,3,10,7,5,12,25,19,44,4,8,12,20,19,39,17,13,30,3,3,6,3,0,3,30,23,53,35,62,97,3,2,5,3,2,5,0,0,0,0,0,0,3,1,4,2,8,10,6,5,11,151,221,372,64,86,150,3,3,6,0,0,592,40.4,61.5,54.4,45,49,94,25,31,56,40,37,38,80,100,66.7,30,16.7,50,6.7,10,0,69.5,73.4,64.8,84.4,87.8,80.8,43.5,45.9,40.6,52.4,75,38.5,2,2,4,4,2,6,2,0,2,1,1,2,0,0,0,2,3,5,6,4,10,0,0,0,254,234,488,2,1,3,24,25,49,128,108,236,57,54,111,6,4,10,10,5,15,7,7,14,5,1,6,2,3,5,45,31,76,1,2,3,2,1,3,69,41,110,4,9,13,57.9,47.2,52.2,9,10,19,9,10,19,1,1,2,54,66,120,12,7,19,1,2,3,73,67,140,3,2,5,1,0,1,73,75,148,0,0,0,0,0,3142,7,5,12,7,3,10,24,26,50,4,8,12,17,13,30,20,19,39,4,2,6,3,1,4,20,24,44,39,51,90,1,3,4,8,3,11,0,0,0,0,0,0,1,1,2,6,5,11,2,8,10,223,189,412,94,70,164,1,0,1,0,0,635
2022-12-06,15:00,World Cup,2022,4,2278173,Marruecos,España,0,0,51.9,65.7,66.7,50,62,154,23,27,74,44,54,80,61.5,88.9,54.5,33.3,0,33.3,36.4,50,33.3,57,55.6,56.7,70.8,64.4,75.8,55,54.1,62,41.7,33.3,45.5,8,6,16,0,0,0,5,5,10,1,0,1,0,0,1,9,11,26,1,3,6,0,0,0,90,161,305,2,2,5,23,27,62,45,67,142,24,30,67,2,9,11,2,9,11,15,7,41,1,1,3,1,0,8,11,15,34,6,4,12,1,2,4,20,35,61,3,3,19,19.2,31,23.2,2,9,16,18,16,45,1,3,4,50,62,150,4,11,16,0,1,2,17,37,62,1,4,8,0,0,0,44,62,142,0,1,1,0,0,433,4,10,14,8,3,15,14,14,41,10,9,26,20,31,60,17,19,49,0,0,0,0,0,0,22,31,69,9,27,40,2,0,4,4,1,9,0,0,0,0,0,0,0,1,1,2,5,10,4,6,14,58,122,216,25,38,81,1,3,4,0,0,545,46.8,60,62,50,61,154,28,35,82,42,57,72,45.5,50,20,7.7,16.7,0,19.2,20,12.5,85.5,88.1,87.6,90.9,92,92.5,45,45.9,38,58.3,66.7,54.5,2,1,5,4,1,9,1,5,9,1,0,1,0,2,2,4,5,11,6,1,13,0,0,0,374,372,1019,3,1,4,16,22,55,270,251,710,119,64,267,9,8,22,10,8,26,3,9,13,4,1,9,1,2,9,100,50,207,4,5,14,4,1,7,124,134,337,3,2,19,80.8,69,76.8,13,10,28,8,11,26,3,3,6,58,60,172,17,13,46,1,0,1,123,120,313,2,2,4,0,0,0,86,74,245,2,0,2,0,0,433,8,3,15,4,10,14,50,33,127,10,9,26,17,19,49,20,31,60,3,1,8,1,0,5,26,26,66,41,44,124,0,2,3,1,1,3,0,0,0,0,0,0,2,0,3,4,6,14,2,5,10,344,344,926,238,220,607,2,1,5,0,0,1236
2022-12-05,19:00,World Cup,2022,4,2278172,Brasil,República de Corea,4,1,50.4,62.1,65.9,62,61,123,33,28,61,54,54,62,53.3,33.3,66.7,50,37.5,60,7.7,14.3,0,81.8,83.1,80.5,89.3,89.6,89.1,45.9,40.5,51.2,36.8,37.5,36.4,2,6,8,3,2,5,1,4,5,0,0,0,0,1,1,6,9,15,8,10,18,0,0,0,280,329,609,0,0,0,19,22,41,142,154,296,63,79,142,5,5,10,7,6,13,5,3,8,6,9,15,4,2,6,51,64,115,8,9,17,3,4,7,91,85,176,8,6,14,49.5,57.2,53.4,5,11,16,16,14,30,6,0,6,54,57,111,11,13,24,3,6,9,75,95,170,9,3,12,0,4,4,70,98,168,0,0,0,0,0,4231,7,5,12,5,3,8,23,26,49,12,12,24,17,22,39,25,21,46,3,2,5,2,0,2,27,27,54,44,51,95,1,3,4,3,1,4,0,0,0,0,0,0,1,0,1,3,4,7,5,7,12,251,293,544,118,124,242,1,0,1,0,0,772,48.4,62.5,59,63,61,124,30,34,64,50,49,60,57.1,66.7,44.4,75,75,75,7.1,9.1,0,79.1,77.1,81.1,86.6,87.2,85.8,54.1,59.5,48.8,63.2,62.5,63.6,8,4,12,2,2,4,3,2,5,0,1,1,0,0,0,12,9,21,4,4,8,0,0,0,282,247,529,2,3,5,21,24,45,144,148,292,79,75,154,9,2,11,11,3,14,6,5,11,2,3,5,4,3,7,61,62,123,4,3,7,1,1,2,85,66,151,9,6,15,50.5,42.8,46.6,11,5,16,13,16,29,1,1,2,57,58,115,15,6,21,3,3,6,77,67,144,7,4,11,1,0,1,80,71,151,1,0,1,0,0,442,5,3,8,7,6,13,33,21,54,12,12,24,25,21,46,17,22,39,2,2,4,0,0,0,27,25,52,40,43,83,2,2,4,6,8,14,0,0,0,0,0,0,0,0,0,5,7,12,3,4,7,246,212,458,111,120,231,1,0,1,0,0,684
2022-12-05,15:00,World Cup,2022,4,2278171,Japón,Croacia,1,1,50.6,64.8,62.2,77,58,178,38,28,88,70,46,90,53.8,0,62.5,30.8,33.3,33.3,21.4,11.1,25,63.5,61.5,72.4,75.2,73.8,82.8,47.9,40.4,55.6,42.4,34.6,53.8,0,5,7,2,3,8,1,3,4,0,0,0,0,1,1,1,8,13,6,3,13,0,0,0,172,221,524,2,1,3,34,22,79,104,127,310,39,60,137,7,11,23,9,12,28,12,9,31,3,3,9,6,6,13,21,45,86,12,4,20,2,2,5,41,60,130,7,10,21,42.1,41.5,41.8,11,7,22,15,17,46,0,4,5,74,65,196,11,13,36,2,1,4,38,52,120,4,2,7,0,1,1,65,72,184,1,0,1,0,0,343,10,2,15,6,5,13,26,25,69,18,12,38,21,20,57,31,16,62,2,3,8,2,0,4,31,32,84,28,37,90,5,1,8,4,2,9,0,0,0,0,0,0,0,1,2,9,7,25,17,6,34,127,183,394,64,92,197,1,3,6,0,0,756,48.9,59.8,61,76,57,176,39,30,90,58,47,86,78.6,100,60,23.5,22.2,33.3,31.4,25,50,73.9,68.1,81.9,83.9,79.9,89,52.1,59.6,44.4,57.6,65.4,46.2,7,3,11,3,1,5,1,0,2,1,0,2,0,2,3,7,5,14,9,3,17,0,0,0,234,317,725,0,0,0,19,20,50,141,177,433,56,65,169,11,12,33,12,12,35,15,6,31,7,1,11,0,3,6,33,47,111,6,8,18,4,1,6,70,91,211,6,9,19,57.9,58.5,58.2,15,11,36,9,11,25,3,3,8,71,61,186,18,17,51,2,1,4,63,83,195,3,2,5,1,0,1,73,100,229,0,1,1,0,0,433,6,5,13,10,3,16,28,27,77,18,12,38,31,16,62,21,20,57,3,1,5,3,1,7,32,29,83,28,43,90,6,0,8,0,3,5,0,0,0,0,0,0,4,0,5,17,6,34,9,7,25,187,282,608,96,145,320,3,6,11,0,0,976
2022-12-04,19:00,World Cup,2022,4,2278170,Inglaterra,Senegal,3,0,48.4,58.3,68,67,57,124,40,24,64,56,51,60,66.7,70,63.6,50,50,50,33.3,40,30,70.8,71.1,70.6,85.7,86.1,85.4,50.5,45.3,57.1,33.3,28.6,38.5,7,7,14,0,3,3,3,4,7,0,0,0,1,0,1,10,11,21,4,4,8,0,0,0,281,308,589,0,0,0,32,33,65,121,136,257,63,68,131,5,7,12,5,10,15,5,4,9,4,4,8,0,3,3,41,44,85,3,6,9,2,2,4,63,85,148,6,9,15,57.1,65.5,61.3,15,8,23,6,11,17,3,4,7,57,64,121,12,13,25,2,2,4,70,71,141,6,3,9,1,2,3,92,102,194,1,0,1,0,0,433,7,4,11,11,5,16,35,29,64,8,6,14,24,24,48,29,18,47,0,3,3,0,0,0,27,26,53,56,50,106,6,0,6,1,3,4,0,0,0,0,0,0,0,0,0,4,5,9,10,8,18,242,263,505,86,96,182,2,3,5,0,0,746,51.2,69.6,59.3,68,57,125,28,33,61,64,48,64,72.7,57.1,100,10,0,33.3,23.1,22.2,25,67.8,70,65.5,80.2,83.4,76.1,49.5,54.7,42.9,66.7,71.4,61.5,4,4,8,3,0,3,1,1,2,1,0,1,1,1,2,7,4,11,7,3,10,0,0,0,205,163,368,0,0,0,31,27,58,90,84,174,35,42,77,7,4,11,9,4,13,8,9,17,4,2,6,6,6,12,24,26,50,5,0,5,4,1,5,45,31,76,7,9,16,42.9,34.5,38.7,8,9,17,16,12,28,2,3,5,56,62,118,8,11,19,0,1,1,50,38,88,1,5,6,0,0,0,69,71,140,0,1,1,0,0,4231,11,5,16,7,5,12,19,17,36,8,6,14,29,18,47,24,24,48,3,0,3,3,1,4,28,27,55,41,23,64,1,0,1,3,4,7,0,0,0,0,0,0,1,0,1,10,8,18,4,5,9,171,124,295,63,55,118,2,1,3,0,0,527
2022-12-04,15:00,World Cup,2022,4,2278169,Francia,Polonia,3,1,49.6,64.1,61.4,59,64,123,28,34,62,50,54,61,63.6,83.3,40,50,42.9,55.6,16,14.3,16.7,78.1,82,74.2,86.4,87.2,85.6,49.4,52.5,46.7,52.2,46.2,60,5,2,7,2,5,7,5,6,11,0,1,1,0,2,2,6,5,11,7,9,16,0,0,0,273,278,551,2,1,3,28,14,42,178,178,356,85,94,179,6,15,21,7,18,25,7,1,8,4,7,11,5,2,7,71,73,144,5,7,12,3,2,5,66,80,146,9,7,16,53.6,56.1,54.9,8,7,15,18,12,30,3,3,6,58,70,128,8,19,27,3,5,8,61,82,143,3,6,9,2,1,3,92,79,171,0,1,1,0,0,4231,4,4,8,5,5,10,33,35,68,10,12,22,21,21,42,19,24,43,2,5,7,1,2,3,31,25,56,54,37,91,0,3,3,4,5,9,0,0,0,0,0,0,0,2,2,6,6,12,7,4,11,238,238,476,146,132,278,1,3,4,0,0,720,47.9,59.5,63.1,58,63,121,32,31,63,47,53,58,64.7,71.4,60,25,25,25,43.8,44.4,42.9,69.6,72.7,64.9,82.7,83.5,81.8,50.6,47.5,53.3,47.8,53.8,40,5,6,11,0,1,1,1,5,6,2,0,2,0,0,0,7,10,17,4,8,12,0,0,0,231,225,456,1,0,1,20,23,43,143,97,240,55,49,104,9,6,15,9,7,16,5,15,20,3,3,6,2,3,5,30,29,59,5,5,10,2,2,4,64,51,115,8,6,14,46.4,43.9,45.1,17,12,29,11,11,22,0,1,1,58,56,114,12,7,19,1,2,3,54,56,110,4,2,6,1,0,1,78,76,154,1,1,2,0,0,4141,4,5,9,4,4,8,34,18,52,10,12,22,19,24,43,21,21,42,0,1,1,1,4,5,30,28,58,35,42,77,3,3,6,4,6,10,0,0,0,0,0,0,2,0,2,7,4,11,6,6,12,193,184,377,104,63,167,4,3,7,0,0,624
2022-12-03,19:00,World Cup,2022,4,2278168,Argentina,Australia,2,1,51.6,67,55.4,74,52,126,32,29,61,65,36,65,53.3,70,20,35.7,33.3,50,20,33.3,0,81,78.3,83.6,87.8,85.3,89.8,55.6,54.9,56.7,48.1,60,33.3,7,1,8,1,0,1,3,0,3,0,0,0,0,0,0,10,5,15,12,2,14,0,0,0,312,383,695,2,1,3,20,22,42,152,159,311,90,72,162,3,2,5,3,2,5,12,6,18,9,2,11,4,5,9,68,52,120,10,1,11,6,1,7,84,120,204,8,14,22,60.2,61.2,60.7,15,15,30,11,9,20,6,1,7,75,51,126,10,5,15,4,1,5,86,117,203,5,2,7,1,1,2,97,79,176,0,1,1,0,0,433,6,8,14,5,3,8,36,27,63,15,8,23,28,17,45,23,13,36,1,0,1,2,0,2,36,25,61,45,67,112,2,0,2,3,1,4,0,0,0,1,0,1,0,0,0,9,4,13,6,8,14,266,344,610,119,133,252,1,0,1,0,0,862,47.7,58.8,64.8,74,54,128,42,25,67,60,46,61,36.4,33.3,50,20,25,0,12.5,11.1,14.3,61,56.2,67.7,82.5,76.8,87.3,44.4,45.1,43.3,51.9,40,66.7,3,1,4,1,2,3,4,0,4,0,2,2,0,0,0,9,2,11,4,1,5,0,0,0,198,237,435,0,0,0,37,26,63,89,65,154,39,31,70,8,5,13,9,7,16,5,5,10,2,1,3,4,9,13,20,23,43,5,7,12,2,0,2,52,64,116,8,16,24,39.8,38.8,39.3,10,10,20,13,12,25,0,0,0,75,54,129,17,8,25,1,0,1,43,62,105,4,4,8,1,0,1,75,72,147,2,1,3,0,0,442,4,3,7,7,8,15,23,16,39,15,8,23,23,13,36,28,17,45,1,2,3,1,1,2,27,22,49,28,39,67,2,1,3,10,1,11,0,0,0,0,0,0,0,1,1,6,8,14,9,4,13,152,207,359,50,44,94,1,1,2,0,0,597
2022-12-03,15:00,World Cup,2022,4,2278167,Países Bajos,Estados Unidos,3,1,51.3,59.3,72,80,39,119,44,14,58,64,36,61,50,35.7,75,54.5,57.1,50,25,40,0,65.9,69.6,57.9,76.1,76.1,76.1,52.4,50,57.7,50,44.4,66.7,5,6,11,2,2,4,3,2,5,2,0,2,2,0,2,14,8,22,7,4,11,0,0,0,226,188,414,0,0,0,32,30,62,125,57,182,49,27,76,4,1,5,5,3,8,21,6,27,6,4,10,6,6,12,33,16,49,2,4,6,2,2,4,46,40,86,12,8,20,46.3,36.9,41.6,12,8,20,19,17,36,1,1,2,77,61,138,12,8,20,4,2,6,52,37,89,8,4,12,1,2,3,97,84,181,0,0,0,0,0,3412,3,1,4,7,3,10,22,15,37,12,5,17,28,15,43,28,11,39,2,2,4,1,0,1,38,29,67,31,27,58,5,1,6,9,2,11,0,0,0,0,0,0,2,0,2,8,4,12,10,2,12,172,143,315,87,33,120,2,0,2,0,0,599,47.1,66.7,50,80,41,121,36,28,64,72,28,57,50,50,50,47.1,42.9,66.7,11.1,18.8,0,70.8,71.9,69.6,83.1,80.4,85.4,47.6,50,42.3,50,55.6,33.3,5,2,7,4,1,5,3,2,5,0,0,0,1,1,2,10,4,14,14,3,17,0,0,0,255,314,569,1,2,3,27,26,53,171,171,342,98,79,177,12,10,22,16,11,27,7,4,11,12,2,14,6,1,7,73,46,119,10,1,11,5,0,5,71,80,151,12,10,22,53.7,63.1,58.4,15,12,27,16,8,24,7,4,11,87,73,160,25,11,36,6,2,8,60,90,150,6,5,11,1,0,1,92,82,174,1,0,1,0,0,433,6,3,9,4,1,5,32,37,69,12,5,17,28,11,39,28,15,43,4,1,5,3,1,4,42,25,67,32,62,94,3,1,4,4,3,7,0,0,0,0,0,0,2,0,2,10,2,12,8,4,12,205,268,473,123,119,242,3,0,3,0,0,765
2022-12-02,19:00,World Cup,2022,3,2277835,Camerún,Brasil,1,0,51.4,67.3,60.2,75,67,142,32,37,69,66,56,73,54.5,50,66.7,42.9,33.3,100,36.4,33.3,50,63.2,61.6,65.1,77.3,76.6,77.9,54.6,61,46.9,64,69.2,58.3,8,4,12,3,0,3,4,4,8,0,3,3,0,1,1,16,6,22,6,1,7,1,0,1,154,145,299,0,0,0,28,22,50,99,86,185,44,40,84,6,2,8,9,2,11,16,16,32,6,1,7,2,2,4,28,26,54,5,5,10,3,0,3,28,36,64,7,5,12,39.3,31.6,35.2,7,8,15,13,7,20,2,3,5,58,53,111,15,5,20,2,1,3,31,27,58,3,7,10,1,0,1,74,62,136,0,0,0,0,0,4231,8,6,14,6,8,14,26,23,49,9,13,22,36,23,59,23,26,49,3,0,3,1,0,1,26,23,49,21,20,41,2,3,5,9,7,16,0,0,0,0,0,0,1,1,2,9,7,16,4,5,9,118,113,231,61,56,117,3,1,4,0,0,481,48.2,60.9,66.7,74,67,141,43,30,73,67,60,68,57.9,44.4,70,33.3,36.4,30,29.6,43.8,9.1,79.4,82.5,76.1,87.8,89.3,86.6,45.4,39,53.1,36,30.8,41.7,4,7,11,5,6,11,5,5,10,1,1,2,0,1,1,9,10,19,11,10,21,0,0,0,234,307,541,0,1,1,16,13,29,154,142,296,84,64,148,11,7,18,16,11,27,8,4,12,10,6,16,4,3,7,73,45,118,4,8,12,6,5,11,53,77,130,6,5,11,60.7,68.4,64.8,11,14,25,13,10,23,3,1,4,65,64,129,23,19,42,4,3,7,74,80,154,0,3,3,0,0,0,79,101,180,1,0,1,0,0,4231,5,6,11,8,6,14,25,25,50,9,13,22,23,26,49,36,23,59,5,6,11,1,2,3,32,30,62,28,49,77,2,0,2,4,1,5,0,0,0,0,0,0,3,2,5,4,5,9,9,7,16,209,266,475,127,108,235,7,1,8,0,0,740
2022-12-02,19:00,World Cup,2022,3,2277836,Serbia,Suiza,2,3,53.2,64,65.8,82,57,139,40,25,65,71,48,74,30.8,33.3,28.6,33.3,0,57.1,36.4,30.8,44.4,64.8,67.6,61.3,77.9,80.2,75,51.6,47.3,57.9,55.9,47.6,69.2,2,2,4,0,2,2,1,1,2,7,0,7,0,3,3,6,7,13,5,7,12,0,0,0,258,208,466,0,0,0,28,24,52,145,119,264,74,48,122,13,7,20,13,9,22,1,8,9,5,6,11,10,4,14,47,26,73,6,6,12,3,3,6,74,60,134,13,9,22,56.5,50.5,53.6,13,13,26,18,10,28,1,0,1,71,72,143,16,14,30,0,4,4,66,52,118,6,0,6,0,2,2,84,69,153,2,1,3,0,0,3412,9,5,14,13,5,18,38,26,64,14,10,24,26,22,48,29,16,45,0,2,2,2,0,2,35,28,63,34,27,61,1,3,4,4,6,10,0,0,0,0,0,0,2,3,5,10,9,19,11,4,15,207,156,363,98,73,171,4,4,8,0,0,637,46.4,60.7,59.5,81,57,138,42,32,74,65,47,64,50,50,50,50,40,55.6,25,100,14.3,67.9,71.3,63.7,76.9,75,78.7,48.4,52.7,42.1,44.1,52.4,30.8,2,3,5,0,0,0,2,1,3,2,2,4,0,1,1,4,6,10,5,9,14,0,0,0,208,207,415,0,0,0,29,36,65,122,102,224,73,50,123,1,7,8,1,7,8,8,9,17,4,5,9,2,5,7,48,30,78,8,4,12,2,2,4,44,54,98,12,9,21,43.5,49.5,46.4,14,8,22,14,13,27,0,1,1,76,63,139,3,12,15,2,5,7,51,62,113,8,4,12,1,2,3,85,68,153,0,0,0,0,0,4231,12,5,17,9,5,14,34,24,58,14,10,24,29,16,45,26,22,48,0,0,0,1,2,3,30,26,56,28,23,51,0,1,1,5,6,11,0,0,0,0,0,0,0,0,0,11,4,15,10,9,19,156,163,319,87,65,152,1,1,2,0,0,590
2022-12-02,15:00,World Cup,2022,3,2277837,República de Corea,Portugal,2,1,52.5,66.7,64.6,53,46,99,24,23,47,48,42,52,54.5,66.7,40,46.2,37.5,60,23.1,40,12.5,63.9,49.2,72,78.7,69.6,85.2,52.5,53.7,51.3,65.4,69.2,61.5,4,2,6,3,2,5,1,3,4,1,1,2,1,0,1,6,5,11,8,5,13,0,0,0,148,209,357,0,1,1,35,32,67,65,118,183,31,68,99,2,7,9,5,8,13,12,7,19,6,2,8,3,0,3,11,48,59,4,3,7,2,0,2,35,51,86,6,3,9,32.6,44.2,38.5,11,4,15,16,6,22,2,1,3,63,49,112,10,13,23,3,3,6,29,51,80,6,2,8,1,1,2,64,66,130,0,1,1,0,0,433,6,4,10,4,5,9,25,28,53,6,4,10,22,20,42,19,19,38,3,2,5,3,2,5,31,18,49,20,41,61,2,4,6,1,6,7,0,0,0,0,0,0,1,1,2,9,8,17,4,5,9,103,178,281,32,85,117,2,1,3,0,0,516,46.5,60,65.2,53,46,99,30,23,53,45,43,46,66.7,85.7,40,46.2,0,60,27.8,18.2,42.9,80.6,80.2,81.3,87.6,85.2,90.3,47.5,46.3,48.7,34.6,30.8,38.5,6,2,8,2,2,4,4,4,8,0,0,0,0,0,0,7,5,12,3,10,13,0,0,0,305,269,574,3,2,5,38,35,73,207,112,319,107,51,158,9,5,14,11,7,18,4,7,11,2,6,8,2,3,5,85,41,126,2,1,3,1,2,3,77,77,154,6,3,9,67.4,55.8,61.5,11,4,15,15,7,22,5,1,6,71,47,118,14,12,26,0,6,6,77,79,156,2,4,6,0,1,1,94,61,155,0,0,0,0,0,433,4,5,9,6,4,10,40,27,67,6,4,10,19,19,38,22,20,42,2,2,4,2,2,4,34,15,49,57,52,109,4,2,6,4,3,7,0,0,0,0,0,0,0,1,1,4,5,9,9,8,17,260,243,503,166,91,257,2,3,5,0,0,739
2022-12-02,15:00,World Cup,2022,3,2277838,Ghana,Uruguay,0,2,48.3,57.9,66.7,89,83,172,51,38,89,70,76,83,65.2,77.8,57.1,40,28.6,66.7,8.7,5.6,20,69.5,73.5,61.1,79.6,83.7,73.7,48.8,43.9,53,34.4,27.8,42.9,7,8,15,3,2,5,7,8,15,2,0,2,0,0,0,9,14,23,7,3,10,0,0,0,257,175,432,2,0,2,18,21,39,185,90,275,89,44,133,15,3,18,18,5,23,10,7,17,5,2,7,5,6,11,66,20,86,8,4,12,3,0,3,67,36,103,15,10,25,58,42.2,50.5,13,9,22,9,15,24,5,3,8,79,82,161,18,11,29,2,2,4,79,36,115,4,3,7,0,0,0,83,66,149,1,0,1,0,0,4231,4,7,11,10,8,18,33,26,59,17,7,24,25,35,60,32,31,63,3,2,5,2,1,3,31,30,61,28,37,65,5,0,5,2,5,7,0,0,0,0,0,0,1,0,1,5,6,11,13,8,21,215,129,344,136,55,191,1,1,2,0,0,666,50.9,65.8,61.9,86,83,169,38,45,83,73,73,86,56.5,66.7,50,58.3,42.9,80,36.4,66.7,25,68.7,68.8,68.6,77.4,75.4,79,51.2,56.1,47,65.6,72.2,57.1,6,7,13,1,1,2,1,2,3,4,1,5,1,1,2,9,14,23,7,5,12,0,0,0,195,238,433,2,0,2,31,25,56,112,137,249,58,61,119,3,7,10,3,8,11,13,6,19,4,4,8,7,4,11,38,40,78,9,3,12,4,1,5,55,54,109,12,10,22,42,57.8,49.5,6,19,25,18,9,27,1,2,3,75,78,153,11,13,24,3,4,7,44,66,110,4,6,10,0,2,2,77,89,166,0,2,2,0,0,442,9,7,16,4,7,11,26,28,54,17,7,24,32,31,63,25,35,60,1,1,2,0,0,0,29,36,65,19,29,48,3,2,5,4,1,5,0,0,0,0,0,0,0,2,2,13,8,21,5,6,11,147,188,335,77,94,171,2,2,4,0,0,650
2022-12-01,19:00,World Cup,2022,3,2277831,Japón,España,2,1,51.1,66.1,62.3,46,48,94,20,26,46,39,43,48,54.5,80,33.3,50,75,0,100,100,100,52.4,42.3,62.7,67.1,56.3,77.6,44.3,53.6,36.4,52.6,50,57.1,4,2,6,0,0,0,0,0,0,0,3,3,0,0,0,5,6,11,4,2,6,0,0,0,112,116,228,0,2,2,25,13,38,52,51,103,20,27,47,1,1,2,1,1,2,18,5,23,4,2,6,7,6,13,10,21,31,4,4,8,1,1,2,19,22,41,9,6,15,18.2,17.1,17.7,10,10,20,19,8,27,1,3,4,64,42,106,4,3,7,3,0,3,22,25,47,11,6,17,2,0,2,59,52,111,1,0,1,0,0,343,4,2,6,2,7,9,12,10,22,9,9,18,15,12,27,13,21,34,0,0,0,0,1,1,33,25,58,12,17,29,5,1,6,2,4,6,0,0,0,0,0,0,1,0,1,6,4,10,6,3,9,63,90,153,22,32,54,1,1,2,0,0,373,47.4,56.5,61.3,47,50,97,27,24,51,35,38,46,81.8,100,75,41.7,28.6,60,18.2,8.3,30,86.4,85.2,88,91.6,89,93.8,55.7,46.4,63.6,47.4,50,42.9,3,6,9,0,2,2,2,3,5,0,0,0,0,2,2,3,8,11,7,5,12,0,0,0,493,565,1058,1,1,2,27,30,57,391,291,682,170,80,250,12,9,21,12,10,22,2,3,5,6,3,9,2,0,2,136,63,199,5,5,10,1,1,2,170,170,340,10,8,18,81.8,82.9,82.3,19,13,32,7,8,15,1,4,5,83,53,136,21,9,30,2,3,5,166,191,357,1,2,3,0,1,1,86,109,195,0,0,0,0,0,433,2,7,9,4,2,6,69,38,107,9,9,18,13,21,34,15,12,27,0,2,2,4,1,5,29,25,54,71,95,166,2,0,2,2,2,4,0,0,0,0,0,0,0,2,2,6,3,9,6,4,10,439,530,969,333,256,589,1,3,4,0,0,1189
2022-12-01,19:00,World Cup,2022,3,2277832,Costa Rica,Alemania,2,4,51.9,64.6,59,85,50,135,40,25,65,73,36,70,47.6,52.9,25,75,71.4,100,27.3,16.7,40,61.9,61.6,62.3,74.8,76.2,73.3,56.2,52.5,63.3,57.1,61.5,50,9,1,10,0,1,1,3,5,8,1,0,1,0,0,0,17,4,21,7,1,8,0,0,0,172,165,337,2,2,4,30,33,63,86,69,155,40,27,67,6,4,10,6,5,11,24,18,42,5,0,5,7,2,9,22,12,34,7,4,11,1,0,1,31,39,70,12,7,19,34.7,29.5,31.9,5,3,8,23,25,48,1,0,1,63,60,123,8,5,13,5,1,6,44,30,74,3,5,8,2,0,2,69,65,134,1,0,1,0,0,541,3,6,9,2,1,3,20,19,39,14,13,27,31,19,50,28,11,39,0,1,1,1,0,1,31,34,65,28,31,59,4,4,8,16,8,24,0,0,0,0,0,0,1,0,1,8,4,12,5,4,9,131,121,252,53,43,96,1,2,3,0,0,543,47.1,61.2,61.1,85,53,138,45,28,73,71,44,65,30,28.6,33.3,34.4,35,33.3,28.1,28.6,27.8,83.6,83.3,83.8,89.5,89.5,89.5,43.8,47.5,36.7,42.9,38.5,50,2,1,3,7,7,14,14,3,17,0,0,0,0,2,2,7,3,10,20,12,32,0,0,0,323,390,713,0,3,3,21,17,38,240,320,560,117,175,292,8,11,19,14,18,32,8,1,9,16,10,26,5,5,10,93,141,234,7,9,16,9,6,15,98,130,228,12,10,22,65.3,70.5,68.1,16,15,31,12,8,20,4,7,11,71,66,137,29,28,57,7,4,11,97,122,219,4,1,5,3,1,4,96,79,175,0,0,0,0,0,4231,2,1,3,3,6,9,36,49,85,14,13,27,28,11,39,31,19,50,7,7,14,4,2,6,34,36,70,32,59,91,2,0,2,5,1,6,0,0,0,0,0,0,2,4,6,5,4,9,8,4,12,289,349,638,200,268,468,4,5,9,0,0,918
2022-12-01,15:00,World Cup,2022,3,2277833,Croacia,Bélgica,0,0,43,58.9,62.7,52,34,86,30,19,49,43,32,37,22.2,0,40,36.4,80,0,23.8,18.2,30,76,76.6,75.2,85,83.5,86.5,44.9,47.5,41.4,50,57.1,33.3,0,2,2,1,1,2,2,1,3,0,0,0,0,0,0,4,5,9,5,6,11,0,0,0,273,281,554,1,3,4,24,32,56,171,141,312,99,68,167,11,9,20,11,10,21,14,8,22,4,5,9,3,3,6,78,53,131,0,0,0,1,5,6,56,77,133,12,5,17,50.3,46.8,48.4,6,15,21,12,8,20,0,2,2,69,63,132,17,15,32,4,0,4,80,61,141,3,3,6,0,0,0,96,93,189,0,0,0,0,0,433,5,4,9,3,4,7,25,31,56,0,0,0,19,12,31,21,17,38,1,1,2,0,1,1,25,30,55,41,50,91,2,1,3,9,4,13,0,0,0,0,0,0,0,2,2,8,2,10,6,4,10,228,243,471,131,106,237,2,3,5,0,0,733,55.2,66.7,67.4,53,34,87,24,15,39,48,31,48,64.3,66.7,62.5,18.8,27.3,0,20.8,25,12.5,75.8,74.7,76.8,87.9,87.5,88.1,55.1,52.5,58.6,50,42.9,66.7,4,5,9,3,1,4,6,1,7,1,0,1,0,3,3,6,8,14,11,5,16,0,0,0,264,329,593,0,0,0,27,35,62,146,164,310,60,82,142,13,7,20,16,8,24,11,13,24,7,5,12,8,2,10,45,68,113,0,0,0,6,2,8,83,102,185,13,5,18,49.7,53.2,51.6,5,8,13,12,12,24,1,1,2,57,57,114,21,13,34,3,0,3,80,88,168,3,4,7,0,0,0,69,91,160,1,0,1,0,0,4231,3,4,7,5,4,9,27,39,66,0,0,0,21,17,38,19,12,31,3,1,4,2,3,5,24,21,45,32,48,80,2,2,4,3,4,7,0,0,0,0,0,0,3,0,3,6,4,10,8,2,10,231,290,521,109,126,235,4,1,5,0,0,770
2022-12-01,15:00,World Cup,2022,3,2277834,Canada,Marruecos,1,2,47.1,63.4,59.8,75,61,136,37,35,72,64,52,64,61.5,62.5,60,0,0,0,21.1,21.4,20,74.7,78.6,66.3,86.5,86.9,85.8,49,54.4,42.2,55.6,63.6,42.9,5,3,8,5,1,6,6,7,13,1,3,4,0,0,0,8,5,13,3,2,5,0,0,0,291,233,524,3,1,4,25,16,41,192,89,281,81,34,115,9,4,13,14,5,19,1,8,9,2,2,4,2,4,6,60,17,77,5,3,8,3,1,4,66,69,135,4,13,17,65.8,51.6,58.8,11,11,22,12,8,20,1,6,7,75,62,137,17,6,23,0,0,0,80,70,150,1,6,7,0,1,1,101,67,168,1,0,1,0,0,4411,10,4,14,5,9,14,43,23,66,14,3,17,31,19,50,26,26,52,5,1,6,0,1,1,29,25,54,44,27,71,0,3,3,0,3,3,0,0,0,0,0,0,2,0,2,7,3,10,4,4,8,253,200,453,151,59,210,3,1,4,0,0,700,51.9,63.8,66.7,74,59,133,38,26,64,67,52,69,69.6,61.5,80,33.3,-,33.3,12.5,0,20,60,53.8,66.2,79.1,74.4,82.5,51,45.6,57.8,44.4,36.4,57.1,8,8,16,0,2,2,4,4,8,0,0,0,0,1,1,13,10,23,0,6,6,0,0,0,156,217,373,0,4,4,29,27,56,65,65,130,34,32,66,3,4,7,3,5,8,15,5,20,0,3,3,1,7,8,20,22,42,9,0,9,0,2,2,33,58,91,3,11,14,34.2,48.4,41.2,3,10,13,20,14,34,1,3,4,60,61,121,9,6,15,0,2,2,27,45,72,8,4,12,0,2,2,71,69,140,1,2,3,0,0,433,5,9,14,10,4,14,18,13,31,14,3,17,26,26,52,31,19,50,0,2,2,0,2,2,27,28,55,25,45,70,0,1,1,3,2,5,0,0,0,0,1,1,0,0,0,4,4,8,7,3,10,116,179,295,35,43,78,0,1,1,0,0,543
2022-11-30,19:00,World Cup,2022,3,2277827,Polonia,Argentina,0,2,47.7,59.7,62.2,52,57,109,29,28,57,43,46,52,41.2,100,28.6,0,0,0,40,100,25,61.5,66.1,57.1,77.3,79.1,75.7,48.6,37.5,57.5,38.1,36.4,40,3,4,7,0,1,1,0,0,0,1,0,1,0,0,0,3,14,17,2,2,4,0,0,0,148,169,317,0,0,0,26,39,65,59,63,122,24,20,44,1,3,4,1,4,5,7,21,28,2,2,4,4,3,7,13,9,22,7,3,10,1,1,2,41,42,83,7,10,17,21.2,34.2,26.7,3,8,11,6,14,20,3,1,4,44,59,103,2,6,8,0,0,0,37,36,73,2,5,7,0,0,0,44,65,109,1,1,2,0,0,442,5,6,11,4,2,6,19,18,37,13,7,20,12,23,35,20,17,37,0,1,1,1,1,2,13,29,42,26,26,52,0,3,3,11,9,20,0,0,0,0,0,0,1,0,1,4,4,8,7,6,13,117,128,245,39,36,75,1,1,2,0,0,474,51.4,64.1,62.5,52,57,109,23,30,53,41,50,56,69.2,50,85.7,52.2,45.5,58.3,22.2,33.3,20,88.5,92.1,83.5,92.2,94.7,87.8,51.4,62.5,42.5,61.9,63.6,60,3,6,9,2,7,9,3,3,6,1,0,1,1,1,2,6,7,13,11,12,23,0,0,0,549,319,868,1,0,1,18,14,32,330,242,572,148,147,295,3,11,14,3,15,18,5,3,8,9,8,17,3,6,9,134,123,257,6,4,10,4,3,7,158,107,265,7,10,17,78.8,65.8,73.3,8,19,27,4,5,9,2,4,6,43,70,113,9,26,35,5,7,12,160,103,263,2,3,5,2,0,2,120,68,188,0,0,0,0,0,433,4,2,6,5,6,11,37,37,74,13,7,20,20,17,37,12,23,35,2,7,9,2,2,4,15,33,48,111,41,152,1,1,2,1,1,2,0,0,0,0,0,0,0,0,0,7,6,13,4,4,8,520,280,800,304,202,506,1,3,4,0,0,1032
2022-11-30,19:00,World Cup,2022,3,2277828,Arabia Saudita,México,1,2,45.6,58.4,64.2,87,71,158,52,34,86,73,61,72,46.7,50,44.4,20,16.7,25,22.2,14.3,50,50.3,50.9,49.4,57.8,57.4,58.5,45.1,40.6,51,52.6,52,53.8,3,4,7,1,0,1,1,1,2,4,2,6,1,1,2,6,9,15,6,4,10,0,0,0,169,118,287,2,0,2,39,29,68,108,81,189,50,42,92,6,2,8,7,2,9,16,11,27,5,2,7,3,4,7,25,17,42,6,8,14,4,3,7,24,23,47,11,10,21,47.7,31.4,39.3,10,9,19,23,5,28,0,1,1,98,75,173,13,11,24,1,1,2,36,26,62,4,4,8,1,0,1,91,59,150,1,0,1,0,0,442,8,8,16,11,9,20,21,27,48,12,12,24,26,25,51,38,24,62,1,0,1,1,0,1,38,22,60,18,10,28,10,6,16,5,5,10,0,0,0,0,0,0,2,1,3,13,7,20,12,6,18,97,69,166,55,40,95,1,1,2,0,0,496,52.2,67.3,59.8,87,72,159,37,39,76,76,58,83,43.8,25,62.5,42.3,53.3,27.3,25.8,23.5,28.6,62,56.1,68.3,75.1,66.7,81,54.9,59.4,49,47.4,48,46.2,2,5,7,6,2,8,7,1,8,0,1,1,3,2,5,8,8,16,15,11,26,0,0,0,174,252,426,3,3,6,31,33,64,132,123,255,64,58,122,11,12,23,17,14,31,7,3,10,8,7,15,6,5,11,32,37,69,6,4,10,4,3,7,41,71,112,11,11,22,52.3,68.6,60.7,16,12,28,6,12,18,8,0,8,91,84,175,21,18,39,8,3,11,32,64,96,5,2,7,2,0,2,90,92,182,1,0,1,0,0,4231,11,9,20,9,9,18,37,31,68,12,12,24,38,24,62,26,25,51,6,2,8,3,5,8,37,29,66,11,25,36,1,2,3,5,2,7,0,0,0,0,0,0,1,1,2,12,6,18,13,7,20,116,204,320,74,84,158,4,4,8,0,0,661
2022-11-30,15:00,World Cup,2022,3,2277829,Túnez,Francia,1,0,37.7,56.9,58.3,84,70,154,53,43,96,70,60,58,72.7,66.7,80,60,50,66.7,8.7,25,5.3,62.4,53,67.5,77.9,71,82.9,35.7,35,36.5,40.9,35.7,50,8,8,16,1,6,7,2,1,3,0,1,1,0,0,0,12,10,22,2,3,5,0,0,0,131,181,312,0,3,3,23,22,45,66,120,186,31,59,90,3,13,16,4,19,23,19,3,22,2,2,4,8,6,14,16,42,58,2,2,4,1,1,2,31,49,80,12,12,24,26.2,42.8,34.1,11,15,26,12,15,27,1,4,5,68,85,153,8,24,32,1,2,3,30,35,65,6,3,9,1,0,1,55,71,126,0,1,1,0,0,3421,2,4,6,10,4,14,25,33,58,12,6,18,21,19,40,39,33,72,1,6,7,0,0,0,25,34,59,15,26,41,4,1,5,4,1,5,0,0,0,0,0,0,0,1,1,5,4,9,9,4,13,93,150,243,35,81,116,1,1,2,0,0,543,61.8,70.1,69.4,86,66,152,32,26,58,75,59,94,51.4,53.3,50,30,37.5,0,31.6,28.6,40,78.6,78.2,79.3,85.9,86,85.7,64.3,65,63.5,59.1,64.3,50,8,11,19,6,2,8,5,3,8,0,0,0,0,0,0,15,22,37,8,2,10,0,0,0,364,258,622,2,0,2,24,26,50,243,135,378,111,55,166,10,3,13,14,5,19,3,16,19,5,2,7,5,3,8,82,40,122,10,4,14,2,1,3,102,84,186,14,8,22,73.8,57.2,65.9,13,6,19,10,13,23,2,3,5,86,63,149,22,4,26,3,0,3,110,73,183,5,8,13,0,0,0,100,72,172,0,0,0,0,0,433,10,4,14,2,4,6,40,24,64,12,6,18,39,33,72,21,19,40,6,2,8,3,1,4,28,27,55,52,29,81,0,2,2,2,1,3,0,0,0,0,0,0,1,0,1,9,4,13,5,4,9,313,221,534,190,107,297,4,2,6,0,0,862
2022-11-30,15:00,World Cup,2022,3,2277830,Australia,Dinamarca,1,0,54.8,63.7,67.4,65,70,135,33,28,61,58,58,74,46.7,16.7,66.7,50,25,75,18.2,40,0,53.7,50,56.8,64.1,58.8,68.2,56.3,48,65.2,60.5,50,73.7,1,6,7,2,0,2,3,1,4,1,1,2,0,0,0,6,9,15,4,4,8,0,0,0,131,173,304,1,0,1,34,33,67,92,111,203,53,46,99,3,6,9,5,6,11,22,10,32,3,4,7,2,7,9,24,30,54,6,5,11,2,0,2,19,32,51,7,13,20,28,34.2,31.2,8,17,25,15,11,26,3,1,4,82,80,162,12,9,21,1,3,4,33,28,61,3,9,12,1,0,1,61,86,147,1,0,1,0,0,442,3,6,9,5,6,11,28,20,48,8,11,19,24,30,54,26,16,42,2,0,2,1,1,2,31,32,63,18,27,45,2,0,2,6,5,11,0,0,0,0,0,0,0,1,1,12,14,26,12,5,17,77,118,195,46,63,109,2,0,2,0,0,494,44.9,63.3,58,66,70,136,33,42,75,57,58,61,81.8,87.5,66.7,23.1,12.5,40,15.4,22.2,0,71.4,72.8,69.8,82.5,82.7,82.3,43.8,52,34.8,39.5,50,26.3,7,2,9,4,2,6,1,3,4,1,0,1,0,0,0,8,3,11,8,5,13,0,0,0,330,334,664,1,2,3,45,42,87,202,162,364,99,92,191,14,7,21,18,8,26,7,13,20,6,4,10,5,6,11,71,68,139,2,6,8,3,2,5,98,87,185,8,13,21,72,65.8,68.8,8,21,29,19,12,31,0,3,3,92,87,179,25,16,41,1,2,3,79,69,148,4,3,7,0,0,0,107,124,231,1,1,2,0,0,433,5,5,10,4,6,10,51,34,85,8,11,19,26,16,42,24,30,54,4,2,6,4,1,5,28,42,70,46,54,100,2,2,4,2,2,4,0,0,0,0,0,0,2,0,2,12,5,17,12,14,26,273,275,548,147,113,260,4,0,4,0,0,861
2022-11-29,19:00,World Cup,2022,3,2277825,Gales,Inglaterra,0,3,50,65.3,61.4,53,53,106,26,27,53,49,43,53,50,28.6,80,14.3,20,0,50,50,-,64.3,72.6,50,78.1,86.4,65.4,43.5,40.5,46.9,42.9,62.5,30.8,2,4,6,1,0,1,0,0,0,1,1,2,2,0,2,7,5,12,5,2,7,0,0,0,199,130,329,1,0,1,27,34,61,73,42,115,37,13,50,2,0,2,2,0,2,3,14,17,3,2,5,7,4,11,23,7,30,5,7,12,2,1,3,58,24,82,9,7,16,46.5,25.8,35.4,9,10,19,5,11,16,2,0,2,40,58,98,4,2,6,1,0,1,46,35,81,3,4,7,0,0,0,51,54,105,0,0,0,0,0,4231,3,6,9,10,6,16,14,7,21,7,14,21,15,15,30,22,17,39,1,0,1,2,1,3,17,24,41,44,17,61,1,3,4,8,6,14,0,0,0,0,0,0,0,0,0,5,4,9,3,9,12,172,85,257,53,21,74,1,0,1,0,0,456,50.5,60.3,62.3,53,54,107,27,26,53,41,43,54,66.7,66.7,-,38.9,55.6,22.2,35.7,33.3,36.4,79.8,79.5,79.9,88.4,90,87.4,56.5,59.5,53.1,57.1,37.5,69.2,4,0,4,2,4,6,4,3,7,0,0,0,1,1,2,6,0,6,9,9,18,0,0,0,229,365,594,1,0,1,14,20,34,73,219,292,25,105,130,1,8,9,3,11,14,5,2,7,5,6,11,2,4,6,16,81,97,2,7,9,3,3,6,63,97,160,9,8,17,53.5,74.2,64.6,7,15,22,8,6,14,2,5,7,41,66,107,9,24,33,5,2,7,64,108,172,1,4,5,3,0,3,58,93,151,0,2,2,0,0,433,9,5,14,3,6,9,11,35,46,7,14,21,22,17,39,15,15,30,2,4,6,1,4,5,17,27,44,44,67,111,4,2,6,1,0,1,0,0,0,0,0,0,0,2,2,3,9,12,5,4,9,206,319,525,58,175,233,1,4,5,0,0,734
2022-11-29,19:00,World Cup,2022,3,2277826,RI de Irán,Estados Unidos,0,1,47.3,61,62.9,74,72,146,41,36,77,64,61,69,50,37.5,57.1,25,25,-,18.8,23.1,0,63.5,71.8,48.9,77.5,82.2,71.3,48.6,42.6,54.5,50,42.1,58.8,3,8,11,1,0,1,2,3,5,3,0,3,0,0,0,8,14,22,4,0,4,0,0,0,264,202,466,1,1,2,39,41,80,163,92,255,77,35,112,12,3,15,13,3,16,5,11,16,4,0,4,6,3,9,48,12,60,4,3,7,3,0,3,67,62,129,12,7,19,60.1,39.5,49.2,14,8,22,16,29,45,1,0,1,80,78,158,22,6,28,1,0,1,86,49,135,7,5,12,0,0,0,75,69,144,1,1,2,0,0,4411,5,3,8,9,5,14,40,19,59,8,10,18,23,30,53,31,25,56,1,0,1,0,0,0,34,39,73,36,22,58,1,3,4,2,6,8,0,0,0,0,0,0,2,0,2,8,10,18,11,7,18,217,144,361,117,45,162,3,0,3,0,0,653,51.7,66.3,62.9,72,75,147,32,39,71,63,66,76,66.7,75,50,41.7,66.7,33.3,5,0,6.3,73.2,64,77.2,83.8,77,87.8,51.4,57.4,45.5,50,57.9,41.2,6,2,8,3,2,5,4,10,14,0,1,1,0,0,0,8,4,12,3,9,12,0,0,0,178,296,474,0,1,1,29,24,53,89,202,291,44,112,156,1,15,16,4,16,20,15,5,20,2,7,9,5,4,9,26,88,114,4,7,11,1,3,4,41,71,112,10,10,20,39.9,60.5,50.8,8,19,27,13,13,26,0,7,7,72,83,155,8,22,30,2,3,5,41,91,132,2,3,5,0,1,1,66,87,153,0,0,0,0,0,433,8,4,12,7,3,10,24,41,65,8,10,18,31,25,56,23,30,53,3,2,5,0,3,3,26,43,69,30,47,77,1,0,1,3,0,3,0,0,0,0,0,0,0,2,2,11,7,18,8,10,18,137,260,397,57,156,213,0,1,1,0,0,686
2022-11-29,15:00,World Cup,2022,3,2277823,Países Bajos,Qatar,2,0,50.8,64.2,61.6,60,66,126,29,33,62,52,53,64,37.5,57.1,22.2,30.8,66.7,20,16.7,0,50,89,87.9,90,91.7,92,91.4,47.4,43.2,51.2,50,50,50,4,2,6,2,2,4,2,2,4,1,0,1,0,2,2,7,9,16,3,10,13,0,0,0,375,408,783,1,4,5,19,16,35,256,301,557,101,128,229,4,0,4,4,2,6,5,5,10,1,8,9,8,2,10,81,105,186,7,10,17,1,5,6,114,110,224,11,6,17,58,68.4,63,11,11,22,6,7,13,1,7,8,47,55,102,12,9,21,2,2,4,113,108,221,3,7,10,1,1,2,94,116,210,0,0,0,0,0,3412,3,4,7,11,8,19,36,57,93,12,19,31,16,21,37,21,20,41,2,2,4,0,3,3,21,29,50,54,74,128,2,2,4,0,1,1,0,0,0,0,0,0,0,1,1,4,6,10,4,6,10,345,373,718,225,271,496,0,1,1,0,0,939,48.8,59.2,61.4,60,67,127,31,34,65,45,54,62,70,75,66.7,60,50,66.7,28.6,16.7,37.5,75.6,81.1,65.9,82.1,85.5,77,52.6,56.8,48.8,50,50,50,3,4,7,0,2,2,3,1,4,0,0,0,0,1,1,4,6,10,2,3,5,0,0,0,269,183,452,0,0,0,32,37,69,143,82,225,47,38,85,6,6,12,6,8,14,5,4,9,2,1,3,3,4,7,36,26,62,5,9,14,1,1,2,69,45,114,11,7,18,42,31.6,37,7,8,15,13,14,27,2,3,5,56,62,118,9,8,17,1,2,3,67,40,107,4,8,12,0,0,0,79,66,145,1,1,2,0,0,532,10,8,18,4,5,9,19,18,37,12,19,31,21,20,41,16,21,37,0,2,2,0,0,0,25,26,51,54,32,86,0,3,3,3,7,10,0,0,0,0,0,0,0,0,0,4,6,10,4,6,10,230,141,371,116,54,170,1,3,4,0,0,596
2022-11-29,15:00,World Cup,2022,3,2277824,Ecuador,Senegal,1,2,41.8,61.5,56.9,67,74,141,35,47,82,56,62,59,86.7,100,75,44.4,57.1,0,33.3,38.9,0,60.4,65.5,49.3,77.4,77.6,77.2,44.3,52,37.5,55.3,66.7,45,7,6,13,3,0,3,1,2,3,0,0,0,0,0,0,7,8,15,7,2,9,0,0,0,250,184,434,0,0,0,28,31,59,148,69,217,67,28,95,15,3,18,18,3,21,15,7,22,7,0,7,2,3,5,36,9,45,4,3,7,3,0,3,66,45,111,5,6,11,68.5,52.9,61.1,10,7,17,15,4,19,1,2,3,91,64,155,21,4,25,4,0,4,65,42,107,1,6,7,1,0,1,87,63,150,3,0,3,0,0,433,6,2,8,11,12,23,44,21,65,12,12,24,26,21,47,24,35,59,3,0,3,0,2,2,28,20,48,32,34,66,1,3,4,3,7,10,0,0,0,0,0,0,4,0,4,12,9,21,6,11,17,194,142,336,97,34,131,7,0,7,0,0,607,58.3,65.9,71.6,65,74,139,31,27,58,60,68,81,60,40,80,21.4,50,10,19,0,26.7,56.5,47.6,63.7,67.8,58.6,74.8,55.7,48,62.5,44.7,33.3,55,2,4,6,2,4,6,2,8,10,1,0,1,0,2,2,5,5,10,4,10,14,0,0,0,116,151,267,1,2,3,38,18,56,82,102,184,37,54,91,4,11,15,6,15,21,20,8,28,2,5,7,2,3,5,19,38,57,8,9,17,2,5,7,19,34,53,3,6,9,31.5,47.1,38.9,8,8,16,8,11,19,4,3,7,73,67,140,9,16,25,2,1,3,17,36,53,5,5,10,1,1,2,56,61,117,3,1,4,0,0,4231,11,11,22,7,4,11,23,25,48,12,12,24,24,35,59,26,21,47,2,4,6,0,4,4,26,24,50,24,20,44,1,2,3,6,0,6,0,0,0,0,0,0,1,2,3,6,11,17,12,9,21,68,113,181,39,65,104,0,4,4,0,0,469
2022-11-28,19:00,World Cup,2022,2,2277821,Portugal,Uruguay,2,0,52.4,62.8,61.4,68,56,124,32,27,59,54,43,65,20,25,0,20,42.9,0,26.7,0,33.3,74.5,73.1,75.4,83.1,79.9,85.5,57.9,55,61.1,68.2,75,64.3,2,0,2,2,4,6,4,2,6,2,1,3,0,0,0,8,2,10,7,8,15,0,0,0,259,344,603,1,2,3,26,36,62,130,191,321,62,79,141,3,10,13,3,12,15,13,3,16,5,6,11,7,4,11,49,62,111,7,3,10,4,2,6,66,99,165,14,12,26,49.9,69.7,59.7,14,18,32,17,9,26,3,0,3,71,74,145,3,13,16,3,0,3,68,79,147,3,4,7,2,0,2,83,99,182,0,0,0,0,0,41212,4,9,13,8,2,10,15,23,38,14,8,22,22,22,44,18,14,32,2,4,6,0,6,6,39,29,68,42,67,109,3,1,4,4,3,7,0,0,0,0,0,0,0,0,0,6,9,15,2,5,7,207,294,501,95,144,239,0,4,4,0,0,779,46.3,60,61,68,55,123,36,30,66,54,47,57,66.7,57.1,80,27.3,28.6,25,23.5,27.3,16.7,60.5,67.3,48.2,73.2,77.6,65.8,42.1,45,38.9,31.8,25,35.7,4,4,8,1,1,2,1,2,3,0,2,2,1,0,1,7,5,12,7,4,11,0,0,0,254,149,403,0,0,0,23,23,46,153,85,238,87,28,115,10,6,16,11,6,17,1,9,10,6,4,10,7,6,13,61,13,74,7,5,12,4,2,6,68,40,108,14,11,25,50.1,30.3,40.3,17,13,30,12,13,25,4,2,6,83,69,152,13,5,18,2,1,3,64,26,90,5,7,12,0,0,0,91,63,154,1,1,2,0,0,352,8,2,10,6,10,16,38,16,54,14,8,22,18,14,32,22,22,44,1,1,2,1,1,2,33,29,62,31,20,51,4,7,11,3,1,4,0,0,0,0,0,0,1,1,2,2,5,7,6,9,15,197,98,295,103,41,144,3,1,4,0,0,562
2022-11-28,16:00,World Cup,2022,2,2277819,Brasil,Suiza,1,0,54.8,66.7,62.7,66,60,126,29,28,57,58,47,69,52.4,33.3,77.8,38.5,42.9,33.3,16,7.1,27.3,77.8,75.6,79.7,87.8,87.6,88,58.6,57.1,60.5,61.5,57.1,66.7,4,7,11,4,4,8,3,2,5,1,0,1,0,0,0,12,9,21,7,6,13,0,0,0,242,308,550,2,1,3,20,13,33,156,187,343,87,80,167,13,8,21,14,11,25,4,6,10,6,5,11,5,4,9,64,57,121,4,5,9,2,1,3,70,93,163,10,7,17,53.1,54.1,53.7,17,12,29,6,13,19,3,3,6,64,68,132,23,17,40,3,2,5,77,89,166,7,3,10,1,0,1,68,77,145,4,1,5,0,0,433,9,8,17,6,4,10,27,34,61,7,15,22,28,23,51,21,15,36,4,4,8,2,3,5,29,30,59,27,49,76,2,0,2,3,1,4,0,0,0,0,0,0,2,2,4,4,4,8,3,2,5,212,271,483,118,149,267,1,3,4,0,0,750,45.2,60.6,61.4,66,60,126,37,32,69,57,51,57,61.1,60,62.5,0,0,0,22.2,0,33.3,74.4,67.1,80.4,83.8,81.7,85.6,41.4,42.9,39.5,38.5,42.9,33.3,6,5,11,1,2,3,2,1,3,1,0,1,0,0,0,10,8,18,5,1,6,0,0,0,218,264,482,1,0,1,25,23,48,79,97,176,34,44,78,2,4,6,3,6,9,15,12,27,4,1,5,5,3,8,21,31,52,3,10,13,1,1,2,57,81,138,10,7,17,46.9,45.9,46.3,4,6,10,15,14,29,1,2,3,66,63,129,9,9,18,0,0,0,50,65,115,0,4,4,0,0,0,74,78,152,0,0,0,0,0,4231,6,4,10,9,8,17,14,20,34,7,15,22,21,15,36,28,23,51,1,2,3,4,0,4,25,24,49,37,40,77,0,3,3,7,3,10,0,0,0,0,0,0,1,0,1,3,2,5,4,4,8,178,226,404,53,78,131,0,2,2,0,0,661
2022-11-28,13:00,World Cup,2022,2,2277822,República de Corea,Ghana,2,3,48.9,67.3,59,71,60,131,33,34,67,68,49,64,53.3,50,60,31.8,43.8,0,37,41.4,29.4,77,75.7,78.4,86.2,85.3,87,47,50,42.5,55,53.8,57.1,5,3,8,6,7,13,1,0,1,1,1,2,0,0,0,10,5,15,16,6,22,0,0,0,259,269,528,0,1,1,31,33,64,202,167,369,97,86,183,24,12,36,29,17,46,9,10,19,12,4,16,3,3,6,74,68,142,5,6,11,3,2,5,68,69,137,5,10,15,67.8,59.1,63.1,11,9,20,4,14,18,2,3,5,70,68,138,34,25,59,7,0,7,71,63,134,0,2,2,2,0,2,79,88,167,1,0,1,0,0,4231,5,4,9,6,7,13,45,37,82,6,10,16,30,17,47,30,23,53,5,7,12,6,4,10,17,29,46,41,49,90,1,0,1,3,3,6,0,0,0,0,0,0,6,2,8,14,8,22,12,6,18,221,234,455,153,131,284,12,5,17,0,0,723,50,62,65.3,70,58,128,38,26,64,62,49,64,70.6,75,66.7,42.9,25,66.7,26.7,0,40,63.8,53.6,70.5,79.4,74,83.1,53,50,57.5,45,46.2,42.9,6,6,12,3,2,5,4,1,5,1,1,2,0,0,0,8,9,17,4,3,7,0,0,0,131,189,320,1,0,1,26,26,52,69,105,174,37,51,88,2,8,10,5,10,15,31,16,47,3,2,5,1,5,6,18,34,52,1,4,5,3,1,4,27,47,74,4,8,12,32.2,40.9,36.9,4,7,11,12,14,26,0,1,1,61,50,111,8,14,22,1,2,3,30,51,81,4,2,6,1,2,3,49,60,109,0,3,3,0,0,4231,6,7,13,5,4,9,18,26,44,6,10,16,30,23,53,30,17,47,3,2,5,0,0,0,18,24,42,25,31,56,3,3,6,13,3,16,0,0,0,0,0,0,0,2,2,12,6,18,14,8,22,97,157,254,37,74,111,0,4,4,0,0,524
2022-11-28,10:00,World Cup,2022,2,2277820,Camerún,Serbia,3,3,48.5,61.4,60.2,71,63,134,34,35,69,54,53,65,25,33.3,0,61.5,83.3,42.9,5.3,0,25,57.6,51.9,63.6,71.8,70.5,73.1,52.3,62.2,41.9,53.6,40,61.1,2,0,2,1,3,4,9,1,10,0,2,2,2,0,2,6,2,8,6,7,13,0,0,0,173,167,340,0,0,0,34,35,69,106,99,205,61,43,104,15,2,17,15,4,19,6,16,22,5,4,9,5,2,7,41,25,66,4,8,12,0,2,2,34,24,58,12,6,18,40,41.6,40.8,11,11,22,11,12,23,1,2,3,78,65,143,14,7,21,5,3,8,32,37,69,12,7,19,2,1,3,74,73,147,1,0,1,0,0,433,9,4,13,3,5,8,29,24,53,14,14,28,28,18,46,17,25,42,1,3,4,1,2,3,29,29,58,33,33,66,3,2,5,4,6,10,0,0,0,0,0,0,0,1,1,4,11,15,6,7,13,122,122,244,55,63,118,0,1,1,0,0,534,50.4,61.5,65.4,68,63,131,37,28,65,59,53,66,43.8,42.9,44.4,33.3,42.9,25,19,28.6,14.3,70.5,71.8,68.9,81.3,80.4,82.4,47.7,37.8,58.1,46.4,60,38.9,3,4,7,1,2,3,1,4,5,1,1,2,3,2,5,7,9,16,7,8,15,0,0,0,276,227,503,3,1,4,22,19,41,163,132,295,87,66,153,6,12,18,7,14,21,10,5,15,6,5,11,4,4,8,60,45,105,10,6,16,4,4,8,71,61,132,9,6,15,60,58.4,59.2,18,15,33,13,12,25,2,3,5,75,68,143,14,21,35,3,2,5,76,64,140,2,3,5,1,2,3,92,72,164,0,1,1,0,0,3421,3,5,8,9,4,13,37,26,63,14,14,28,17,25,42,28,18,46,1,2,3,0,2,2,41,32,73,37,30,67,2,2,4,4,5,9,0,0,0,0,0,0,1,2,3,6,7,13,4,11,15,222,187,409,117,91,208,2,2,4,0,0,689
2022-11-27,19:00,World Cup,2022,2,2277815,España,Alemania,1,1,41.3,57.3,57.3,69,86,155,44,47,91,59,63,64,64.7,81.8,33.3,42.9,66.7,25,16.7,-,16.7,77.2,75,78.4,85.5,82.8,87.4,42.6,35.8,50,60,33.3,77.8,9,2,11,1,5,6,3,3,6,0,1,1,2,0,2,11,6,17,3,4,7,0,0,0,268,366,634,1,1,2,26,32,58,84,153,237,35,69,104,0,5,5,0,6,6,10,3,13,3,4,7,3,7,10,22,54,76,3,8,11,1,1,2,73,103,176,7,18,25,59,68.4,64.1,11,15,26,15,12,27,4,3,7,69,80,149,7,9,16,2,1,3,78,114,192,3,5,8,1,0,1,77,76,153,0,0,0,0,0,433,3,8,11,6,7,13,19,24,43,9,20,29,19,24,43,34,24,58,1,5,6,0,2,2,34,33,67,40,73,113,2,1,3,6,2,8,0,0,0,0,0,0,0,0,0,2,7,9,4,2,6,222,320,542,63,120,183,0,1,1,0,0,822,58.4,71.6,64.2,69,85,154,25,39,64,63,70,90,51.7,62.5,38.5,36.4,37.5,33.3,18.2,20,0,63.4,61.4,67.3,78.8,77,80.6,57.4,64.2,50,40,66.7,22.2,10,5,15,5,0,5,8,3,11,2,1,3,2,0,2,16,13,29,8,3,11,0,0,0,174,170,344,1,4,5,25,20,45,101,52,153,51,21,72,5,1,6,10,1,11,2,9,11,6,2,8,4,10,14,31,13,44,6,12,18,2,2,4,45,40,85,7,17,24,41,31.6,35.9,15,14,29,12,10,22,5,4,9,65,67,132,14,6,20,3,1,4,40,46,86,6,7,13,1,0,1,62,50,112,1,0,1,0,0,4231,6,6,12,3,8,11,23,6,29,9,20,29,34,24,58,19,24,43,5,0,5,3,0,3,36,30,66,27,34,61,2,2,4,1,2,3,0,0,0,0,0,0,1,0,1,4,2,6,2,7,9,134,137,271,62,35,97,2,0,2,0,0,542
2022-11-27,16:00,World Cup,2022,2,2277818,Croacia,Canada,4,1,46.5,61.1,63.4,60,69,129,35,34,69,55,59,60,56,50,60,76.9,75,80,23.8,42.9,14.3,73.9,65.7,79.2,84,74.6,90,43.8,37.5,50,31.6,27.3,37.5,5,9,14,3,3,6,2,4,6,2,0,2,2,3,5,10,15,25,8,5,13,0,0,0,173,270,443,0,1,1,31,14,45,105,159,264,52,83,135,7,13,20,7,14,21,10,9,19,7,5,12,2,6,8,33,68,101,5,5,10,2,1,3,37,75,112,5,9,14,40.6,54.6,48.2,13,11,24,13,14,27,3,4,7,65,65,130,14,23,37,6,4,10,30,84,114,6,4,10,2,2,4,73,76,149,0,0,0,0,0,433,3,2,5,8,5,13,24,21,45,7,12,19,18,24,42,30,24,54,2,3,5,0,0,0,31,30,61,33,35,68,7,0,7,0,1,1,0,0,0,0,0,0,0,0,0,3,3,6,8,5,13,129,243,372,69,126,195,3,2,5,0,0,643,53.5,67.9,62.6,60,67,127,25,34,59,53,57,68,73.3,50,88.9,25,14.3,100,25,20,33.3,74.6,77.8,70.7,84.4,85.4,83.2,56.3,62.5,50,68.4,72.7,62.5,3,8,11,1,1,2,8,5,13,2,0,2,0,1,1,6,9,15,7,1,8,0,0,0,247,226,473,1,2,3,27,25,52,144,116,260,57,61,118,9,6,15,10,6,16,7,21,28,4,1,5,3,2,5,41,39,80,2,7,9,3,0,3,62,56,118,5,7,12,59.4,45.4,51.8,10,12,22,13,13,26,2,1,3,67,72,139,12,10,22,1,1,2,67,60,127,4,2,6,0,1,1,73,76,149,0,2,2,0,0,442,8,5,13,3,2,5,27,22,49,7,12,19,30,24,54,18,24,42,1,1,2,3,0,3,31,32,63,45,34,79,2,2,4,6,3,9,0,0,0,0,0,0,0,1,1,8,5,13,3,3,6,211,188,399,112,82,194,2,2,4,0,0,691
2022-11-27,13:00,World Cup,2022,2,2277817,Bélgica,Marruecos,0,2,49.7,64.8,60.4,69,74,143,32,40,72,59,61,71,60,55.6,66.7,30,50,16.7,13.6,15.4,11.1,73.7,70.7,76.9,88.5,85.8,91.1,50.5,56.9,43.8,57.7,68.4,28.6,5,4,9,3,6,9,2,4,6,0,1,1,1,1,2,9,6,15,4,6,10,0,0,0,316,336,652,1,2,3,19,16,35,147,134,281,55,56,111,10,4,14,13,9,22,3,2,5,4,5,9,1,2,3,40,39,79,7,11,18,2,3,5,91,103,194,8,10,18,63.5,70,66.7,15,7,22,15,4,19,0,2,2,78,64,142,19,11,30,2,1,3,96,106,202,2,5,7,0,0,0,96,81,177,0,1,1,0,0,4231,5,9,14,5,5,10,25,27,52,10,16,26,29,21,50,22,27,49,3,6,9,0,2,2,34,15,49,33,46,79,3,1,4,4,2,6,0,0,0,0,0,0,2,1,3,13,2,15,6,5,11,271,306,577,104,103,207,2,1,3,0,0,813,48.9,61.5,63.4,67,72,139,37,34,71,59,59,68,63.6,55.6,69.2,40,57.1,0,37.5,75,0,66.4,65.1,68.6,83.5,80.1,88,49.5,43.1,56.3,42.3,31.6,71.4,5,9,14,1,0,1,3,4,7,1,0,1,0,0,0,9,13,22,7,3,10,0,0,0,186,142,328,1,2,3,36,14,50,83,51,134,46,27,73,4,4,8,4,4,8,11,10,21,7,3,10,5,6,11,31,19,50,3,5,8,3,3,6,55,42,97,6,8,14,36.5,30,33.3,14,14,28,12,5,17,2,0,2,59,40,99,6,6,12,4,0,4,39,27,66,7,2,9,2,0,2,64,48,112,2,0,2,0,0,433,4,5,9,5,9,14,21,11,32,10,16,26,22,27,49,29,21,50,1,0,1,0,0,0,30,22,52,28,25,53,1,4,5,3,2,5,0,0,0,0,0,0,0,0,0,6,5,11,13,2,15,149,125,274,54,35,89,3,0,3,0,0,504
2022-11-27,10:00,World Cup,2022,2,2277816,Japón,Costa Rica,0,1,43.5,61.4,58.4,84,77,161,44,47,91,70,66,70,47.1,40,57.1,23.1,27.3,0,7.1,9.1,0,79.2,81.7,75.6,86.8,88.5,84.3,42.6,48.3,36.8,48,58.3,38.5,4,4,8,4,1,5,7,4,11,2,1,3,0,2,2,10,7,17,11,2,13,0,0,0,340,242,582,0,0,0,24,21,45,229,156,385,74,72,146,7,2,9,11,3,14,2,5,7,5,2,7,3,3,6,52,45,97,9,6,15,2,1,3,94,62,156,8,7,15,74.9,42.2,56.8,12,15,27,11,4,15,2,5,7,70,63,133,18,12,30,3,0,3,110,77,187,1,3,4,0,0,0,90,71,161,2,0,2,0,0,4231,4,5,9,10,12,22,40,27,67,18,13,31,28,21,49,30,36,66,4,1,5,6,1,7,27,26,53,46,32,78,0,3,3,1,0,1,0,0,0,0,0,0,1,0,1,7,5,12,5,8,13,301,204,505,187,118,305,1,0,1,0,0,766,56.3,64.3,69.1,84,76,160,40,30,70,72,67,90,40,21.4,63.6,25,100,0,0,0,0,59.6,47.2,66,79.7,65.2,84.8,57.4,51.7,63.2,52,41.7,61.5,3,7,10,0,0,0,2,5,7,2,1,3,0,1,1,14,11,25,1,3,4,0,0,0,115,328,443,2,0,2,27,42,69,53,103,156,21,36,57,1,5,6,1,5,6,15,4,19,1,1,2,5,3,8,7,23,30,9,7,16,0,2,2,24,90,114,8,6,14,25.1,57.8,43.2,5,6,11,15,14,29,2,1,3,60,72,132,6,7,13,1,0,1,21,81,102,6,3,9,1,0,1,58,94,152,0,3,3,0,0,3421,9,12,21,4,5,9,16,22,38,18,13,31,30,36,66,28,21,49,0,0,0,0,1,1,30,26,56,12,63,75,5,2,7,6,0,6,0,0,0,0,0,0,0,0,0,5,8,13,7,5,12,75,278,353,25,68,93,0,0,0,0,0,628
2022-11-26,19:00,World Cup,2022,2,2277811,Argentina,México,2,0,51.8,63.2,65.2,67,72,139,35,32,67,60,60,72,35.7,0,50,40,50,0,15.4,20,12.5,75.3,75.2,75.4,84.5,82.7,86,54.3,42.9,64.3,51.7,33.3,64.7,0,5,5,1,3,4,4,6,10,0,1,1,1,0,1,4,10,14,4,1,5,0,0,0,243,285,528,0,2,2,15,17,32,161,130,291,82,41,123,5,6,11,5,8,13,13,3,16,3,1,4,5,2,7,61,29,90,6,2,8,2,1,3,62,86,148,7,8,15,50.8,67.1,58.5,12,3,15,9,9,18,2,1,3,65,65,130,7,7,14,2,0,2,63,86,149,2,5,7,2,0,2,79,79,158,0,1,1,0,0,442,9,9,18,9,6,15,33,15,48,11,8,19,21,36,57,28,20,48,1,3,4,0,0,0,26,16,42,39,34,73,1,2,3,0,1,1,0,0,0,0,0,0,0,1,1,4,11,15,8,6,14,201,245,446,121,98,219,1,1,2,0,0,706,46.8,62.9,61.7,68,71,139,33,41,74,56,66,65,61.1,60,62.5,25,0,33.3,20,18.2,25,61.2,67.5,50.7,76.8,80.8,70.2,45.7,57.1,35.7,48.3,66.7,35.3,6,5,11,1,1,2,2,0,2,3,1,4,0,0,0,10,8,18,1,3,4,0,0,0,229,141,370,2,2,4,22,25,47,126,75,201,47,35,82,10,3,13,11,4,15,9,7,16,1,1,2,2,4,6,28,16,44,5,6,11,0,2,2,59,28,87,8,7,15,49.2,32.9,41.5,11,10,21,14,6,20,1,4,5,68,64,132,12,7,19,0,1,1,63,31,94,9,4,13,0,0,0,78,52,130,3,1,4,0,0,532,8,6,14,9,10,19,29,26,55,11,8,19,28,20,48,21,36,57,1,1,2,1,0,1,27,20,47,29,30,59,3,0,3,1,1,2,0,0,0,0,0,0,0,0,0,8,6,14,4,11,15,185,99,284,85,38,123,2,1,3,0,0,529
2022-11-26,16:00,World Cup,2022,2,2277813,Francia,Dinamarca,2,1,52.4,65.2,63.6,68,56,124,31,28,59,58,49,65,60,60,60,33.3,50,23.1,45,40,50,77.8,75.9,79,85.7,86.2,85.3,53.3,56.3,50,39.1,36.4,41.7,6,6,12,5,1,6,9,1,10,0,1,1,2,1,3,10,10,20,8,13,21,0,0,0,239,252,491,1,0,1,36,23,59,108,162,270,46,70,116,5,9,14,10,10,20,9,5,14,8,11,19,7,1,8,36,57,93,3,6,9,2,4,6,68,65,133,12,4,16,48.2,48.7,48.5,4,9,13,18,12,30,1,2,3,58,57,115,11,13,24,4,3,7,61,67,128,4,6,10,2,0,2,73,73,146,0,1,1,0,0,4231,4,5,9,0,4,4,20,29,49,8,10,18,27,21,48,21,21,42,5,1,6,2,6,8,25,26,51,37,47,84,4,1,5,4,1,5,0,0,0,0,0,0,2,5,7,4,5,9,7,7,14,206,215,421,82,128,210,4,5,9,0,0,687,47.6,61.5,62.8,69,57,126,37,29,66,59,49,60,63.2,83.3,28.6,20,25,0,25,30.8,0,76.7,76.1,77.4,86.4,85.8,86.9,46.7,43.8,50,60.9,63.6,58.3,10,2,12,4,0,4,2,3,5,0,2,2,0,0,0,12,7,19,8,2,10,0,0,0,254,274,528,1,0,1,24,30,54,155,133,288,67,61,128,9,3,12,13,3,16,6,13,19,6,1,7,6,3,9,48,48,96,5,4,9,4,2,6,82,62,144,13,5,18,51.8,51.3,51.5,16,11,27,10,10,20,3,3,6,63,60,123,17,9,26,2,0,2,63,70,133,4,1,5,1,0,1,73,89,162,0,0,0,0,0,3421,0,4,4,4,5,9,37,29,66,8,10,18,21,21,42,27,21,48,4,0,4,2,0,2,33,26,59,36,53,89,1,4,5,7,9,16,0,0,0,0,0,0,2,0,2,7,7,14,4,5,9,218,238,456,118,103,221,4,0,4,0,0,703
2022-11-26,13:00,World Cup,2022,2,2277812,Polonia,Arabia Saudita,2,0,47.6,64.2,60.6,75,68,143,38,37,75,68,57,68,46.2,33.3,75,33.3,33.3,33.3,37.5,44.4,28.6,64.8,58.5,70.2,76.8,70.7,81,44.7,48.3,39.5,42.9,38.1,50,3,3,6,2,2,4,3,1,4,0,3,3,1,0,1,9,4,13,6,3,9,0,0,0,123,174,297,0,0,0,35,31,66,82,94,176,45,48,93,7,5,12,9,7,16,12,15,27,4,3,7,4,4,8,27,35,62,4,10,14,3,1,4,21,47,68,6,12,18,30.7,41.1,36,6,7,13,7,11,18,3,2,5,61,56,117,12,10,22,2,1,3,21,44,65,3,6,9,1,1,2,63,60,123,0,0,0,0,0,442,9,5,14,9,9,18,30,24,54,9,13,22,29,17,46,31,26,57,2,2,4,1,1,2,19,24,43,18,23,41,6,1,7,6,3,9,0,0,0,0,0,0,2,1,3,8,7,15,13,7,20,87,141,228,48,66,114,4,2,6,0,0,480,51,62.9,63.1,76,67,143,39,31,70,66,53,73,64.3,57.1,71.4,31.3,16.7,75,15,20,10,78.8,81.6,74.8,84.9,85.5,84.2,55.3,51.7,60.5,57.1,61.9,50,4,5,9,2,3,5,3,4,7,0,2,2,0,0,0,7,7,14,12,4,16,0,0,0,290,247,537,0,0,0,24,21,45,201,143,344,107,87,194,9,7,16,10,10,20,9,2,11,8,2,10,1,7,8,86,63,149,5,3,8,8,0,8,86,64,150,7,11,18,69.3,58.9,64,12,10,22,14,10,24,1,2,3,72,64,136,20,17,37,2,3,5,76,66,142,2,7,9,0,0,0,91,76,167,1,1,2,0,0,4141,8,8,16,9,6,15,37,25,62,9,13,22,31,26,57,29,17,46,2,3,5,2,1,3,27,27,54,37,41,78,0,0,0,6,3,9,0,0,0,0,0,0,1,0,1,13,7,20,8,7,15,248,208,456,164,107,271,2,1,3,0,0,733
2022-11-26,10:00,World Cup,2022,2,2277814,Túnez,Australia,0,1,50.6,65.1,60.5,86,94,180,38,51,89,71,78,91,22.2,20,25,28.6,40,0,8,5.3,16.7,64.8,68.8,56.2,76.1,81.4,68.4,53.2,61,46.2,51,78.6,40.5,2,2,4,3,2,5,6,3,9,2,1,3,1,0,1,10,8,18,10,4,14,0,0,0,291,206,497,2,1,3,40,40,80,192,89,281,96,38,134,17,4,21,19,6,25,2,20,22,6,4,10,7,4,11,63,21,84,5,9,14,2,2,4,79,47,126,16,15,31,66.7,49,58.1,15,12,27,18,21,39,1,1,2,98,90,188,28,12,40,4,0,4,75,52,127,4,4,8,0,0,0,103,87,190,1,0,1,0,0,3421,9,4,13,7,9,16,52,28,80,11,14,25,36,30,66,23,35,58,3,2,5,4,2,6,36,35,71,34,20,54,1,2,3,1,5,6,0,0,0,0,0,0,1,0,1,11,15,26,3,22,25,237,141,378,132,50,182,1,1,2,0,0,730,48.9,60.3,64.8,85,95,180,48,44,92,73,81,88,63.2,61.5,66.7,22.2,0,28.6,19,20,18.8,55.6,55.9,55.4,68.1,64.6,70.6,46.8,39,53.8,49,21.4,59.5,8,4,12,0,2,2,1,1,2,0,0,0,0,0,0,13,6,19,2,7,9,0,0,0,147,204,351,0,0,0,32,34,66,93,148,241,54,52,106,5,14,19,5,16,21,29,8,37,3,3,6,8,11,19,31,29,60,6,5,11,2,3,5,25,41,66,15,16,31,33.3,51,41.9,15,19,34,14,9,23,1,4,5,79,87,166,9,20,29,0,2,2,28,59,87,8,3,11,0,1,1,70,83,153,0,3,3,0,0,442,6,7,13,9,6,15,28,33,61,11,14,25,23,35,58,36,30,66,0,2,2,0,2,2,38,34,72,24,21,45,4,1,5,6,3,9,0,0,0,0,0,0,1,3,4,3,22,25,11,15,26,95,144,239,52,82,134,1,3,4,0,0,586
2022-11-25,19:00,World Cup,2022,2,2277809,Inglaterra,Estados Unidos,0,0,53.2,65.4,64.1,61,48,109,28,23,51,53,41,58,66.7,50,100,37.5,66.7,20,21.4,28.6,14.3,76.8,80.6,72.7,87.2,87.9,86.7,52,53.5,50,52.4,66.7,41.7,3,3,6,1,2,3,2,3,5,0,0,0,0,0,0,6,3,9,3,5,8,0,0,0,240,301,541,1,0,1,21,28,49,139,128,267,65,60,125,6,5,11,7,7,14,13,6,19,3,3,6,2,6,8,49,42,91,8,3,11,1,3,4,66,87,153,8,12,20,49.4,61.6,55.5,9,6,15,10,7,17,3,2,5,49,59,108,11,13,24,2,1,3,61,87,148,5,4,9,0,0,0,80,88,168,2,0,2,0,0,4231,9,5,14,5,4,9,29,23,52,10,4,14,23,16,39,20,16,36,1,2,3,0,1,1,22,18,40,33,39,72,3,1,4,1,5,6,0,0,0,0,0,0,2,1,3,6,5,11,3,7,10,211,261,472,112,93,205,2,1,3,0,0,696,46.8,59.8,61.9,64,47,111,35,24,59,52,39,52,58.3,71.4,40,10,0,16.7,18.8,0,42.9,71.6,72,70.9,83.6,85.8,80.7,48,46.5,50,47.6,33.3,58.3,5,2,7,5,2,7,5,0,5,0,0,0,0,0,0,7,5,12,4,6,10,0,0,0,240,181,421,0,0,0,29,18,47,118,86,204,63,36,99,4,5,9,9,7,16,6,9,15,3,6,9,7,6,13,48,28,76,2,1,3,1,4,5,67,48,115,11,11,22,50.6,38.4,44.5,6,8,14,18,9,27,0,1,1,57,54,111,11,11,22,0,1,1,67,51,118,3,0,3,0,0,0,74,57,131,0,0,0,0,0,442,5,4,9,9,6,15,24,16,40,10,4,14,20,16,36,23,16,39,5,2,7,3,1,4,28,26,54,32,25,57,0,2,2,3,3,6,0,0,0,0,0,0,0,1,1,3,7,10,6,5,11,206,146,352,85,61,146,0,3,3,0,0,585
2022-11-25,16:00,World Cup,2022,2,2277808,Países Bajos,Ecuador,1,1,53.2,62.6,65.6,81,75,156,40,33,73,67,63,83,60,72.7,50,50,0,100,0,0,0,69.1,69.2,69,82.6,80.7,84.6,55.2,52.7,58,54.3,52,60,8,7,15,1,1,2,0,4,4,0,0,0,0,1,1,11,14,25,1,1,2,0,0,0,259,247,506,1,0,1,23,22,45,120,100,220,46,40,86,3,2,5,4,3,7,9,11,20,1,1,2,6,3,9,29,24,53,6,10,16,1,0,1,59,65,124,9,9,18,60.8,48.9,54.4,8,11,19,14,10,24,1,1,2,73,60,133,4,5,9,0,1,1,68,66,134,5,4,9,0,1,1,92,81,173,1,0,1,0,0,3412,6,5,11,6,9,15,28,18,46,17,16,33,29,29,58,26,21,47,1,1,2,0,0,0,28,25,53,40,35,75,2,3,5,7,3,10,0,0,0,0,0,0,0,0,0,13,6,19,12,4,16,209,209,418,83,69,152,0,0,0,0,0,691,45.6,61.3,59,82,76,158,43,43,86,68,62,72,62.5,62.5,62.5,26.7,33.3,16.7,27.3,33.3,23.1,61.7,49.4,71.4,79.4,69.3,86,44.8,47.3,42,45.7,48,40,5,5,10,2,3,5,0,1,1,1,0,1,0,1,1,8,8,16,9,6,15,0,0,0,163,250,413,1,3,4,28,26,54,89,112,201,44,34,78,7,10,17,9,13,22,6,9,15,5,4,9,2,6,8,21,23,44,11,6,17,3,1,4,29,64,93,10,10,20,39.2,51.1,45.6,9,13,22,15,10,25,3,0,3,79,78,157,11,14,25,3,1,4,31,70,101,5,4,9,1,0,1,82,80,162,1,1,2,0,0,3421,6,8,14,6,6,12,25,20,45,17,16,33,26,21,47,29,29,58,2,3,5,3,4,7,29,25,54,21,36,57,1,1,2,0,0,0,0,0,0,0,0,0,2,1,3,12,4,16,13,6,19,113,215,328,44,80,124,3,3,6,0,0,617
2022-11-25,13:00,World Cup,2022,2,2277807,Qatar,Senegal,1,3,50.4,64.6,60,61,64,125,28,34,62,51,51,63,44.4,25,60,30,37.5,0,30,40,0,66.1,71.3,58.3,81,85.4,75.6,53.6,53.8,53.3,44.8,35.7,53.3,2,6,8,5,1,6,0,2,2,1,2,3,1,0,1,8,10,18,8,2,10,0,0,0,226,180,406,3,1,4,27,35,62,108,72,180,46,28,74,11,4,15,15,5,20,6,12,18,7,1,8,5,2,7,28,16,44,7,4,11,3,2,5,51,36,87,8,9,17,51.6,39.1,45.3,17,11,28,7,11,18,0,1,1,56,68,124,18,7,25,3,0,3,75,46,121,6,4,10,1,0,1,64,70,134,2,0,2,0,0,532,8,4,12,2,5,7,24,15,39,14,10,24,21,24,45,18,21,39,5,1,6,2,0,2,27,27,54,36,28,64,0,3,3,6,4,10,0,0,0,0,0,0,2,0,2,5,8,13,9,7,16,193,136,329,77,42,119,6,0,6,0,0,584,49.2,59.8,65.5,61,63,124,33,30,63,49,57,61,75,75,75,38.5,33.3,42.9,27.8,57.1,9.1,76.2,71.6,78.9,86.1,84.1,87.6,46.4,46.2,46.7,55.2,64.3,46.7,3,3,6,5,2,7,4,6,10,2,1,3,0,1,1,4,4,8,6,7,13,0,0,0,220,282,502,0,3,3,28,30,58,109,194,303,49,92,141,4,9,13,7,11,18,10,7,17,6,4,10,3,6,9,34,68,102,7,6,13,2,4,6,53,80,133,8,8,16,48.4,60.9,54.7,9,14,23,9,10,19,1,6,7,56,69,125,13,14,27,2,3,5,60,62,122,3,2,5,2,1,3,72,83,155,1,1,2,0,0,442,2,4,6,8,4,12,19,42,61,14,10,24,18,21,39,21,24,45,4,2,6,2,0,2,22,32,54,35,57,92,3,2,5,5,0,5,0,0,0,0,0,0,2,1,3,9,7,16,5,8,13,185,247,432,78,153,231,4,1,5,0,0,672
2022-11-25,10:00,World Cup,2022,2,2277810,Gales,RI de Irán,0,2,46.3,59.8,59.1,81,66,147,43,36,79,64,52,68,70,50,83.3,30,16.7,50,20,37.5,8.3,63.1,59.2,66.4,77.8,74,80.9,49.5,48,51.1,58.3,50,71.4,2,5,7,1,1,2,3,3,6,0,1,1,0,0,0,4,6,10,6,4,10,1,0,1,219,282,501,1,1,2,32,41,73,130,152,282,70,81,151,7,11,18,8,12,20,22,10,32,4,4,8,4,1,5,34,53,87,10,6,16,4,1,5,62,68,130,10,9,19,57.4,65.9,61.9,10,16,26,14,11,25,7,2,9,85,84,169,15,14,29,1,2,3,53,62,115,3,3,6,0,0,0,75,113,188,0,2,2,0,0,352,6,4,10,2,7,9,34,43,77,21,12,33,24,23,47,26,22,48,1,1,2,1,1,2,40,36,76,29,39,68,11,3,14,5,2,7,0,0,0,0,0,0,1,0,1,11,10,21,11,4,15,162,228,390,77,101,178,3,1,4,0,0,722,54.1,63.8,67,81,65,146,38,29,67,67,59,79,47.4,50,44.4,28.6,25,40,12.5,13.3,11.1,52.6,53,51.9,66.1,62.6,69.9,50.5,52,48.9,41.7,50,28.6,5,4,9,7,0,7,3,2,5,2,0,2,1,0,1,10,9,19,16,5,21,0,0,0,155,143,298,1,1,2,34,34,68,115,77,192,61,40,101,10,9,19,15,9,24,9,12,21,11,4,15,6,8,14,33,23,56,11,6,17,4,2,6,37,31,68,10,8,18,42.6,34.1,38.1,14,12,26,23,16,39,1,4,5,85,65,150,28,14,42,4,2,6,27,27,54,6,8,14,2,0,2,81,68,149,1,2,3,0,0,433,2,7,9,6,4,10,22,21,43,21,12,33,26,22,48,24,23,47,7,0,7,8,1,9,46,35,81,10,17,27,2,2,4,4,2,6,0,0,0,0,0,0,1,1,2,11,4,15,11,10,21,97,100,197,61,40,101,2,1,3,0,0,505
2022-11-24,19:00,World Cup,2022,1,2277803,Brasil,Serbia,2,0,,,,,,,,,,,,,,,,,,,,,,,,,,,,,,,,,,,,,,,,,,,,,,,,,,,,,,,,,,,,,,,,,,,,,,,,,,,,,,,,,,,,,,,,,,,,,,,,,,,,,,,,,,,,,,,,,,,,,,,,,,,,,,,,,,,,,,,,,,,,,,,,,,,,,,,,,,,,,,,,,,,,,,,,,,,,,,,,,,,,,,,,,,,,,,,,,,,,,,,,,,,,,,,,,,,,,,,,,,,,,,,,,,,,,,,,,,,,,,,,,,,,,,,,,,,,,,,,,,,,,,,,,,,,,,,,,,,,,,,,,,,,,,,,,,,,,,,,,,,,,,,,,,,,,,,,,,,,,,,,,,,,,,,,,,,,,,,,,,,,,,,,,,,,,,,,,,,,,,,,,,,,,,,,,,,,,,,,,,,,,,,,,,,,,,,,,,,,,,,,,,,,,,,,
2022-11-24,16:00,World Cup,2022,1,2277805,Portugal,Ghana,3,2,56,65.6,67.4,66,68,134,31,28,59,59,58,75,81.3,66.7,100,45.5,75,28.6,25,25,25,80.5,76.2,82.9,88.6,84.5,91.1,57.1,52,62.5,70.4,53.8,85.7,6,7,13,0,3,3,2,0,2,2,0,2,2,1,3,9,7,16,4,7,11,0,0,0,238,384,622,1,0,1,20,28,48,126,228,354,58,118,176,4,15,19,4,16,20,10,5,15,3,5,8,3,2,5,43,98,141,6,8,14,0,3,3,68,132,200,5,7,12,52.2,69.7,61.8,10,16,26,12,5,17,6,4,10,61,55,116,11,22,33,3,2,5,67,109,176,2,3,5,3,0,3,76,87,163,1,2,3,0,0,433,8,11,19,6,8,14,20,32,52,11,13,24,26,30,56,24,18,42,0,3,3,1,2,3,34,29,63,27,56,83,6,0,6,3,0,3,0,0,0,0,0,0,0,1,1,7,12,19,6,2,8,201,350,551,96,189,285,1,4,5,0,0,778,43.6,62,58.8,66,67,133,35,40,75,57,57,58,50,40,75,33.3,33.3,-,9.1,16.7,0,65.5,72.3,55.2,81.4,83.9,78.1,42.9,48,37.5,29.6,46.2,14.3,4,3,7,1,2,3,3,4,7,3,1,4,0,1,1,10,4,14,9,0,9,0,0,0,218,169,387,1,0,1,18,25,43,101,67,168,43,25,68,5,3,8,6,5,11,3,14,17,6,0,6,2,4,6,26,13,39,5,5,10,5,0,5,38,42,80,5,6,11,47.8,30.3,38.2,11,3,14,21,14,35,5,0,5,61,55,116,12,7,19,3,0,3,60,34,94,4,2,6,2,0,2,81,64,145,0,0,0,0,0,532,6,8,14,8,11,19,27,17,44,11,13,24,24,18,42,26,30,56,1,2,3,1,0,1,38,20,58,39,29,68,1,3,4,3,4,7,0,0,0,0,0,0,2,0,2,6,2,8,7,12,19,183,132,315,73,37,110,1,0,1,0,0,536
2022-11-24,13:00,World Cup,2022,1,2277806,Uruguay,República de Corea,0,0,54.7,64.5,66.3,70,69,139,33,30,63,60,59,76,62.5,60,66.7,10,0,25,38.5,25,60,77.2,77.2,77.2,81.8,83.7,79.2,55.7,55.8,55.6,53.2,47.8,58.3,6,4,10,1,3,4,3,0,3,1,0,1,0,1,1,10,6,16,6,4,10,0,0,0,312,236,548,1,0,1,40,29,69,167,114,281,76,48,124,7,2,9,8,5,13,8,10,18,4,4,8,3,4,7,55,30,85,5,10,15,4,3,7,87,58,145,6,9,15,62.3,49.7,56.1,12,5,17,18,11,29,1,3,4,72,64,136,14,12,26,0,1,1,89,71,160,5,5,10,0,0,0,96,75,171,0,0,0,0,0,433,5,5,10,4,3,7,41,22,63,12,15,27,29,25,54,23,20,43,1,3,4,2,0,2,31,21,52,40,32,72,4,1,5,1,1,2,0,0,0,0,0,0,1,3,4,11,14,25,12,10,22,261,187,448,129,88,217,2,3,5,0,0,719,44,61.6,57.3,70,71,141,38,41,79,61,55,62,58.3,57.1,60,0,0,0,10.5,16.7,7.7,66,66,66,78,75.4,80.1,44.3,44.2,44.4,46.8,52.2,41.7,4,3,7,1,2,3,1,2,3,1,0,1,0,0,0,7,5,12,5,2,7,0,0,0,187,231,418,0,0,0,35,28,63,141,141,282,77,85,162,5,11,16,6,13,19,8,7,15,5,2,7,2,5,7,45,55,100,7,5,12,4,2,6,42,58,100,6,11,17,37.7,50.3,43.9,5,7,12,11,12,23,7,3,10,71,77,148,9,9,18,0,0,0,37,58,95,7,3,10,0,0,0,77,75,152,0,0,0,0,0,4231,4,3,7,5,5,10,38,38,76,12,15,27,23,20,43,29,25,54,1,2,3,1,0,1,28,23,51,31,40,71,4,0,4,2,4,6,0,0,0,0,0,0,0,0,0,12,10,22,11,14,25,141,185,326,93,93,186,1,1,2,0,0,583
2022-11-24,10:00,World Cup,2022,1,2277804,Suiza,Camerún,1,0,45.8,60,59.2,63,57,120,34,31,65,51,45,55,33.3,30,40,42.9,75,0,15,0,21.4,72.8,69,75.3,84,80.8,86.8,48.8,48.8,48.6,53.8,50,57.1,3,2,5,7,4,11,0,0,0,2,0,2,0,0,0,10,5,15,4,3,7,0,0,0,234,280,514,1,1,2,26,18,44,113,170,283,54,78,132,1,10,11,6,14,20,12,8,20,4,3,7,2,2,4,34,58,92,6,6,12,0,3,3,54,74,128,5,4,9,50.5,51,50.8,13,15,28,15,11,26,2,2,4,65,66,131,12,16,28,3,0,3,68,74,142,2,1,3,1,0,1,83,87,170,0,0,0,0,0,4231,5,5,10,9,3,12,20,35,55,15,16,31,21,18,39,22,19,41,7,4,11,1,0,1,34,30,64,29,45,74,0,1,1,3,4,7,0,0,0,0,0,0,0,2,2,6,8,14,6,6,12,189,243,432,78,128,206,0,3,3,0,0,665,53.7,65.9,64,64,57,121,29,27,56,56,48,65,50,50,50,62.5,100,40,21.7,33.3,9.1,71.6,68.9,74.4,85,83.4,86.3,51.3,51.2,51.4,46.2,50,42.9,2,4,6,2,3,5,3,3,6,0,1,1,0,1,1,4,8,12,3,5,8,0,0,0,223,271,494,0,2,2,22,35,57,135,133,268,71,50,121,10,8,18,12,11,23,6,10,16,2,3,5,4,1,5,48,39,87,9,10,19,0,2,2,58,62,120,6,4,10,49.5,49,49.2,13,7,20,11,20,31,2,1,3,66,63,129,16,13,29,3,2,5,54,46,100,6,5,11,0,0,0,74,103,177,3,2,5,0,0,433,9,2,11,5,5,10,34,27,61,15,16,31,22,19,41,21,18,39,2,3,5,0,1,1,30,30,60,37,60,97,1,1,2,3,2,5,0,0,0,0,0,0,2,0,2,6,6,12,6,8,14,186,234,420,93,99,192,4,1,5,0,0,661
2022-11-23,19:00,World Cup,2022,1,2277801,Bélgica,Canada,1,0,56.7,64.1,67.9,59,68,127,28,27,55,50,57,72,47.4,37.5,54.5,33.3,20,50,57.1,60,50,67.5,72.6,60.6,83.1,82.9,83.2,57.3,51.3,62.8,53.3,50,55.6,3,6,9,3,1,4,4,2,6,2,1,3,1,4,5,8,11,19,5,4,9,0,0,0,240,280,520,0,0,0,29,30,59,95,71,166,42,35,77,3,1,4,5,2,7,15,12,27,5,3,8,6,6,12,30,16,46,5,8,13,2,1,3,72,88,160,12,11,23,51.1,56.3,53.8,10,11,21,15,12,27,1,1,2,58,66,124,8,8,16,1,2,3,69,83,152,2,1,3,0,1,1,70,79,149,1,0,1,0,0,3421,5,9,14,8,3,11,17,22,39,8,14,22,20,27,47,19,16,35,3,1,4,2,1,3,29,25,54,29,30,59,2,2,4,6,12,18,0,0,0,0,0,0,1,0,1,3,5,8,3,4,7,199,233,432,69,43,112,3,1,4,0,0,700,42.5,60.3,56.3,58,69,127,31,42,73,47,54,54,30.8,33.3,28.6,13.6,12.5,14.3,36.8,20,55.6,72.6,73.1,72,82.3,84.2,80.2,42.7,48.7,37.2,46.7,50,44.4,2,2,4,2,2,4,2,3,5,2,0,2,0,0,0,6,7,13,8,14,22,0,0,0,222,207,429,0,1,1,25,24,49,145,118,263,65,71,136,9,7,16,10,9,19,2,1,3,7,11,18,5,5,10,43,52,95,3,6,9,5,6,11,57,47,104,11,12,23,48.9,43.7,46.2,14,13,27,6,6,12,3,3,6,60,70,130,20,13,33,1,2,3,56,44,100,2,3,5,0,0,0,71,82,153,1,0,1,0,0,3421,8,2,10,5,9,14,28,28,56,8,14,22,19,16,35,20,27,47,2,2,4,2,6,8,28,26,54,38,34,72,2,1,3,3,3,6,0,0,0,0,0,0,4,1,5,3,4,7,3,5,8,187,166,353,106,85,191,2,5,7,0,0,617
2022-11-23,16:00,World Cup,2022,1,2277799,España,Costa Rica,7,0,43.7,60,57.1,61,58,119,34,33,67,51,44,52,50,28.6,71.4,47.1,50,42.9,13.3,12.5,14.3,89.7,89.1,90.3,93.6,93.4,93.7,46.9,46.7,47.2,40.9,36.4,45.5,2,5,7,3,2,5,3,1,4,0,0,0,5,2,7,7,7,14,10,7,17,0,0,0,471,574,1045,1,2,3,20,26,46,256,318,574,99,145,244,8,5,13,8,7,15,0,4,4,7,5,12,4,2,6,86,124,210,2,6,8,4,3,7,126,173,299,8,11,19,78.5,84.9,81.9,13,18,31,8,8,16,2,4,6,62,58,120,21,15,36,5,3,8,120,176,296,1,3,4,4,3,7,125,130,255,0,0,0,0,0,433,7,4,11,4,4,8,40,49,89,8,11,19,21,17,38,24,19,43,3,2,5,1,1,2,26,33,59,100,95,195,0,0,0,0,0,0,0,0,0,0,0,0,1,0,1,4,5,9,7,6,13,440,538,978,228,287,515,1,1,2,0,0,1206,55.6,67.1,65.8,61,56,117,27,25,52,55,48,65,71.4,61.5,87.5,-,-,-,25,0,33.3,57.8,46.5,66.1,71.7,72.9,70.3,53.1,53.3,52.8,59.1,63.6,54.5,8,7,15,0,0,0,1,1,2,2,0,2,0,0,0,13,8,21,0,0,0,0,0,0,129,101,230,4,3,7,22,25,47,43,59,102,21,28,49,1,3,4,1,3,4,9,8,17,0,0,0,4,7,11,8,18,26,6,5,11,0,0,0,21,17,38,8,9,17,21.5,15.1,18.1,9,7,16,11,13,24,0,2,2,61,51,112,4,6,10,0,0,0,27,17,44,9,5,14,0,0,0,65,45,110,0,0,0,0,0,442,3,4,7,7,5,12,18,15,33,8,11,19,24,19,43,21,17,38,0,0,0,0,0,0,25,24,49,16,22,38,3,1,4,7,6,13,0,0,0,0,0,0,0,0,0,7,6,13,4,5,9,94,71,165,20,39,59,0,1,1,0,0,377
2022-11-23,13:00,World Cup,2022,1,2277800,Alemania,Japón,1,2,47.5,62,60.4,76,65,141,38,36,74,62,55,67,81.8,100,60,34.6,33.3,35.7,32,23.1,41.7,80.9,74,85,89,86,90.9,48.5,53.8,42.2,64.7,75,55.6,6,3,9,5,1,6,2,1,3,0,0,0,1,0,1,6,5,11,12,14,26,0,0,0,307,464,771,2,2,4,22,25,47,150,254,404,73,138,211,8,11,19,13,12,25,1,2,3,9,9,18,6,4,10,53,111,164,4,6,10,7,4,11,78,151,229,13,10,23,65.5,81,73.9,6,15,21,6,8,14,4,3,7,76,74,150,18,26,44,4,5,9,95,129,224,3,0,3,0,1,1,93,113,206,2,0,2,0,0,4231,9,3,12,3,3,6,22,41,63,11,10,21,28,19,47,24,26,50,5,1,6,1,5,6,19,26,45,41,71,112,0,0,0,11,1,12,0,0,0,0,0,0,3,1,4,12,10,22,4,8,12,264,422,686,111,216,327,3,5,8,0,0,970,51.8,63.7,64.3,74,65,139,37,30,67,65,54,72,58.6,46.7,71.4,33.3,36.4,0,36.4,33.3,40,57.9,68.7,37.2,70.6,78,59,51.5,46.2,57.8,35.3,25,44.4,7,10,17,3,3,6,2,1,3,0,0,0,1,0,1,15,14,29,11,1,12,0,0,0,164,105,269,2,2,4,27,27,54,83,43,126,41,18,59,3,3,6,6,5,11,18,20,38,8,1,9,6,5,11,30,6,36,7,4,11,3,1,4,39,21,60,11,10,21,34.5,19,26.1,9,10,19,14,11,25,2,1,3,58,58,116,12,5,17,4,0,4,36,21,57,5,1,6,2,0,2,64,52,116,0,0,0,0,0,4231,3,3,6,10,4,14,19,15,34,11,10,21,24,26,50,28,19,47,3,3,6,4,0,4,25,25,50,25,11,36,2,8,10,10,6,16,0,0,0,0,0,0,2,1,3,4,8,12,12,10,22,128,62,190,57,16,73,2,2,4,0,0,468
2022-11-23,10:00,World Cup,2022,1,2277802,Marruecos,Croacia,0,0,49,60.7,62.6,65,82,147,35,40,75,54,67,72,47.6,33.3,58.3,25,66.7,0,12.5,0,20,61.6,44.9,68.7,78.4,72,82.4,49.5,46.7,51.9,53.8,50,58.3,3,7,10,0,0,0,1,1,2,1,0,1,0,0,0,9,12,21,3,5,8,0,0,0,132,216,348,0,0,0,17,23,40,49,115,164,21,53,74,3,5,8,3,5,8,9,11,20,2,2,4,4,13,17,6,33,39,5,2,7,0,0,0,26,61,87,7,16,23,28.6,41.1,35.2,7,12,19,17,10,27,1,4,5,57,62,119,6,8,14,2,0,2,30,50,80,9,4,13,0,0,0,58,66,124,0,1,1,0,0,433,4,7,11,10,6,16,16,22,38,13,14,27,21,27,48,24,25,49,0,0,0,1,5,6,28,30,58,18,39,57,0,2,2,1,2,3,0,0,0,0,0,0,1,0,1,7,7,14,7,5,12,95,178,273,22,79,101,0,1,1,0,0,536,50.3,64.4,61.1,66,81,147,31,42,73,56,66,74,58.8,85.7,40,40,100,25,22.2,11.1,33.3,71.9,73.5,69.6,85.8,85.5,86.2,50.5,53.3,48.1,46.2,50,41.7,6,4,10,3,2,5,1,4,5,0,0,0,1,0,1,7,10,17,1,4,5,0,0,0,331,311,642,1,0,1,18,25,43,170,125,295,53,55,108,6,8,14,9,9,18,4,6,10,0,1,1,3,2,5,29,35,64,8,12,20,0,2,2,85,75,160,8,15,23,71.4,58.9,64.8,16,14,30,13,11,24,2,1,3,75,71,146,12,13,25,1,1,2,87,100,187,8,2,10,0,0,0,106,90,196,3,0,3,0,0,433,9,6,15,4,7,11,27,24,51,13,14,27,24,25,49,21,27,48,3,2,5,0,1,1,35,27,62,53,46,99,2,3,5,1,2,3,0,0,0,0,0,0,0,0,0,7,5,12,7,7,14,283,268,551,125,87,212,1,3,4,0,0,828
2022-11-22,19:00,World Cup,2022,1,2277797,Francia,Australia,4,1,64.3,75,68.4,56,59,115,17,24,41,51,52,74,70,88.9,54.5,30.4,41.7,18.2,51.9,53.8,50,84.5,86.5,82,89.3,91.2,87.5,65.5,70.7,60.5,66.7,70,64.3,8,6,14,3,5,8,3,5,8,0,0,0,2,1,3,9,11,20,12,11,23,0,0,0,364,359,723,0,0,0,24,22,46,251,206,457,109,84,193,10,10,20,13,14,27,3,3,6,11,8,19,2,5,7,91,60,151,8,4,12,3,7,10,111,104,215,4,7,11,64.1,60.8,62.4,8,12,20,8,15,23,4,2,6,52,64,116,20,21,41,5,2,7,110,106,216,8,4,12,2,2,4,83,95,178,1,0,1,0,0,4231,10,1,11,2,3,5,48,39,87,11,9,20,29,26,55,12,17,29,3,5,8,4,2,6,22,29,51,60,54,114,0,2,2,0,2,2,0,0,0,0,0,0,5,2,7,7,9,16,3,5,8,332,314,646,217,169,386,7,7,14,0,0,907,35.1,53.6,58.8,55,59,114,39,35,74,45,50,40,53.8,50,57.1,25,-,25,16.7,0,33.3,64.6,67.9,61.3,83.6,84,83.3,34.5,29.3,39.5,33.3,30,35.7,3,4,7,1,0,1,1,2,3,3,0,3,1,0,1,6,7,13,0,4,4,0,0,0,206,234,440,0,0,0,19,31,50,84,80,164,28,38,66,2,3,5,3,3,6,8,14,22,0,2,2,1,2,3,14,23,37,3,5,8,0,3,3,56,54,110,3,7,10,35.9,39.2,37.6,7,7,14,9,11,20,1,3,4,54,61,115,8,4,12,0,1,1,52,67,119,4,5,9,0,1,1,63,70,133,1,0,1,0,0,4141,2,3,5,10,1,11,19,20,39,11,9,20,12,17,29,29,26,55,1,0,1,0,0,0,20,25,45,35,43,78,1,3,4,11,8,19,0,0,0,0,0,0,0,1,1,3,5,8,7,9,16,173,195,368,57,49,106,0,1,1,0,0,593
2022-11-22,16:00,World Cup,2022,1,2277795,México,Polonia,0,0,48.4,62,61.5,90,67,157,46,35,81,75,56,76,56.3,37.5,75,36.4,50,20,21.2,11.8,31.3,70.9,68.5,73.1,83.6,81.7,85.1,50,50,50,47.1,45,50,3,6,9,3,3,6,7,2,9,1,1,2,2,2,4,8,8,16,6,5,11,0,0,0,218,269,487,2,1,3,22,30,52,130,145,275,55,63,118,14,15,29,17,16,33,8,9,17,4,4,8,9,3,12,39,45,84,4,5,9,2,2,4,49,79,128,14,11,25,58.2,62.7,60.6,10,13,23,12,12,24,0,4,4,74,70,144,18,21,39,3,1,4,63,76,139,0,5,5,0,0,0,86,79,165,1,0,1,0,0,433,7,7,14,8,6,14,26,33,59,14,8,22,31,24,55,31,24,55,3,3,6,1,2,3,24,31,55,20,35,55,1,0,1,4,1,5,0,0,0,0,0,0,1,2,3,9,7,16,11,7,18,178,229,407,89,106,195,2,5,7,0,0,688,48.7,61.3,63.6,88,64,152,46,32,78,73,56,74,35.3,66.7,18.2,33.3,40,0,20,18.2,25,58,57.1,59.1,70.8,69,72.6,50,50,50,52.9,55,50,4,2,6,2,3,5,6,1,7,1,0,1,0,0,0,6,11,17,5,1,6,0,0,0,158,164,322,0,0,0,37,34,71,112,88,200,41,55,96,9,1,10,11,4,15,15,8,23,4,1,5,1,5,6,19,29,48,10,3,13,2,1,3,29,35,64,12,8,20,41.8,37.3,39.4,6,8,14,16,8,24,1,2,3,77,67,144,13,8,21,2,0,2,28,40,68,6,2,8,0,0,0,79,64,143,2,1,3,0,0,4141,8,5,13,7,8,15,28,31,59,14,8,22,31,24,55,31,24,55,2,3,5,1,0,1,30,23,53,22,25,47,3,1,4,3,4,7,0,0,0,0,0,0,1,1,2,11,7,18,9,7,16,109,119,228,64,52,116,2,1,3,0,0,515
2022-11-22,13:00,World Cup,2022,1,2277798,Dinamarca,Túnez,0,0,45.4,62.5,59.8,66,64,130,36,35,71,60,52,59,50,25,62.5,45.5,37.5,66.7,32,37.5,29.4,71.8,74.7,69.4,84.2,86.9,81.4,44.2,41.2,47.7,60.6,66.7,53.3,1,5,6,5,6,11,1,0,1,1,1,2,0,0,0,4,8,12,8,3,11,0,0,0,305,290,595,1,0,1,32,35,67,150,173,323,76,83,159,3,11,14,8,17,25,6,5,11,7,3,10,5,2,7,51,51,102,4,6,10,3,0,3,75,71,146,6,9,15,60.8,61.8,61.3,13,13,26,8,12,20,5,4,9,72,84,156,16,21,37,3,2,5,84,77,161,7,4,11,0,0,0,94,96,190,0,2,2,0,0,352,4,5,9,5,4,9,33,41,74,9,11,20,21,21,42,30,23,53,5,6,11,2,1,3,31,32,63,52,46,98,2,3,5,3,5,8,0,0,0,0,0,0,5,0,5,12,8,20,6,7,13,265,236,501,112,120,232,3,5,8,0,0,781,53.4,65.5,64,66,65,131,30,31,61,57,55,70,66.7,57.1,80,7.7,0,12.5,30.8,28.6,33.3,55.4,54.7,56.3,74.9,73.2,76.7,55.8,58.8,52.3,39.4,33.3,46.7,8,8,16,6,3,9,5,2,7,1,0,1,3,1,4,14,10,24,5,8,13,0,0,0,194,180,374,0,1,1,31,27,58,86,71,157,37,36,73,2,3,5,7,6,13,17,20,37,3,5,8,1,6,7,14,19,33,5,5,10,2,3,5,47,38,85,6,10,16,39.2,38.2,38.7,5,5,10,19,12,31,0,3,3,70,68,138,11,8,19,0,1,1,30,46,76,4,4,8,0,0,0,84,75,159,0,0,0,0,0,3421,5,4,9,5,5,10,27,20,47,9,11,20,30,23,53,21,21,42,6,3,9,3,4,7,29,26,55,33,21,54,2,2,4,6,1,7,0,0,0,0,0,0,1,1,2,6,7,13,12,8,20,142,138,280,47,40,87,2,2,4,0,0,582
2022-11-22,10:00,World Cup,2022,1,2277794,Argentina,Arabia Saudita,1,2,58,65.8,64.9,95,62,157,39,27,66,75,50,91,41.2,40,42.9,40,40,40,39.1,35,66.7,73.2,70.6,78,85.2,82.8,87.8,63.8,67.8,57.1,69.6,72.2,60,4,3,7,7,2,9,4,2,6,0,0,0,2,1,3,10,7,17,10,5,15,0,0,0,309,287,596,3,7,10,22,15,37,170,91,261,88,44,132,13,2,15,20,3,23,4,5,9,9,2,11,3,7,10,64,32,96,13,8,21,4,2,6,98,95,193,11,11,22,75.3,63.2,69.1,6,12,18,7,13,20,0,2,2,86,58,144,29,9,38,4,2,6,85,97,182,2,7,9,0,1,1,95,61,156,1,1,2,0,0,442,13,8,21,3,4,7,37,13,50,25,16,41,40,20,60,19,15,34,7,2,9,2,1,3,14,32,46,31,34,65,0,0,0,3,0,3,0,0,0,0,0,0,5,1,6,13,3,16,5,2,7,256,252,508,120,71,191,7,2,9,0,0,797,41.5,58.1,56.6,96,63,159,57,36,93,79,47,66,38.9,44.4,33.3,66.7,66.7,-,20,0,25,54.6,48.1,60,68,56.7,75.3,36.2,32.2,42.9,30.4,27.8,40,4,3,7,1,1,2,2,1,3,6,0,6,0,0,0,9,9,18,3,0,3,0,0,0,104,162,266,1,0,1,32,21,53,79,95,174,32,50,82,2,8,10,2,8,10,21,6,27,1,0,1,8,4,12,15,29,44,12,8,20,0,0,0,18,46,64,12,12,24,24.7,36.8,30.9,8,8,16,7,6,13,2,4,6,71,66,137,5,16,21,2,0,2,24,37,61,10,4,14,2,0,2,51,51,102,0,1,1,0,0,4141,3,3,6,13,8,21,17,20,37,25,16,41,19,15,34,40,20,60,1,1,2,1,0,1,23,20,43,11,28,39,2,2,4,8,3,11,0,0,0,0,0,0,0,0,0,5,2,7,13,3,16,59,122,181,38,57,95,0,2,2,0,0,445
2022-11-21,19:00,World Cup,2022,1,2277793,Estados Unidos,Gales,1,1,46.3,59.4,61,81,55,136,43,30,73,63,47,63,85.7,80,100,16.7,0,33.3,13.3,17.6,7.7,74.9,70.9,78,87.3,82.9,90,46.6,49,43.6,55.6,61.5,50,8,4,12,3,2,5,1,2,3,2,2,4,0,1,1,10,4,14,3,3,6,0,0,0,216,351,567,1,0,1,23,21,44,134,177,311,58,76,134,14,11,25,17,13,30,17,1,18,2,3,5,6,5,11,42,60,102,8,3,11,2,2,4,53,103,156,15,10,25,49.8,66.7,58.9,9,16,25,12,6,18,3,2,5,77,63,140,18,10,28,0,1,1,54,99,153,3,3,6,0,1,1,77,93,170,0,1,1,0,0,433,6,4,10,8,7,15,24,25,49,17,6,23,24,17,41,25,22,47,3,2,5,1,0,1,28,26,54,32,56,88,1,1,2,4,1,5,0,0,0,0,0,0,2,1,3,8,7,15,5,7,12,179,316,495,95,138,233,3,1,4,0,0,759,52.7,63.4,64.3,78,53,131,37,25,62,64,45,69,77.8,81.8,71.4,42.9,60,0,35.7,27.3,66.7,57.6,59.8,52.7,76.4,76.3,76.5,54,52.1,56.4,44.4,38.5,50,9,5,14,2,1,3,2,1,3,0,2,2,0,0,0,11,7,18,5,2,7,0,0,0,224,179,403,1,0,1,33,39,72,117,55,172,64,24,88,9,2,11,11,3,14,17,12,29,4,1,5,7,3,10,34,9,43,9,3,12,1,2,3,62,45,107,13,8,21,50.2,33.3,41.1,9,11,20,15,13,28,1,1,2,83,57,140,21,4,25,3,0,3,48,48,96,1,7,8,1,0,1,83,59,142,1,1,2,0,0,352,7,7,14,6,4,10,32,19,51,17,6,23,25,22,47,23,17,40,2,1,3,1,0,1,27,26,53,31,27,58,1,1,2,2,2,4,0,0,0,0,0,0,2,1,3,5,7,12,8,7,15,171,137,308,70,29,99,3,2,5,0,0,590
2022-11-21,16:00,World Cup,2022,1,2277790,Senegal,Países Bajos,0,2,50.7,66.3,59.3,75,63,138,33,35,68,65,51,70,85.7,87.5,83.3,26.7,33.3,16.7,42.1,50,33.3,73.8,70.3,76.7,79.7,75.7,83.5,53.5,58.2,47.7,52.4,61.5,37.5,7,5,12,3,3,6,3,1,4,2,0,2,0,0,0,8,6,14,9,6,15,0,0,0,185,200,385,1,1,2,30,22,52,111,133,244,61,85,146,9,7,16,10,9,19,10,22,32,7,6,13,2,0,2,44,69,113,8,7,15,5,2,7,34,44,78,7,2,9,47,46.5,46.7,9,11,20,16,10,26,1,4,5,63,57,120,13,11,24,3,1,4,43,57,100,7,3,10,0,0,0,70,60,130,0,1,1,0,0,4231,5,8,13,9,4,13,24,22,46,13,17,30,32,21,53,23,23,46,3,3,6,1,3,4,28,28,56,38,39,77,2,2,4,3,3,6,0,0,0,0,0,0,2,0,2,16,6,22,10,10,20,140,167,307,78,102,180,5,3,8,0,0,566,48.2,59.4,66.7,74,63,137,43,28,71,63,56,66,60,50,62.5,30,60,0,28,33.3,25,68.1,66.1,69.9,81.4,78.3,84.4,46.5,41.8,52.3,47.6,38.5,62.5,1,5,6,4,3,7,2,2,4,1,0,1,0,1,1,2,8,10,5,5,10,0,0,0,212,224,436,1,0,1,26,18,44,115,123,238,53,63,116,5,13,18,9,16,25,4,10,14,4,4,8,3,2,5,33,43,76,5,10,15,1,3,4,53,58,111,6,2,8,53,53.5,53.3,7,11,18,9,8,17,3,4,7,70,66,136,15,20,35,3,0,3,54,65,119,4,2,6,2,0,2,75,74,149,0,2,2,0,0,3412,9,3,12,5,8,13,26,29,55,13,17,30,23,23,46,32,21,53,4,3,7,1,2,3,20,26,46,30,27,57,3,4,7,6,2,8,0,0,0,0,0,0,2,2,4,10,10,20,16,6,22,166,189,355,76,86,162,3,4,7,0,0,605
2022-11-21,13:00,World Cup,2022,1,2277792,Inglaterra,RI de Irán,6,2,56.9,64.9,67.6,55,61,116,26,24,50,48,50,66,76.9,85.7,66.7,53.8,50,57.1,28.6,10,45.5,81.6,77.9,84.2,89.8,90,89.7,60,53.7,66.7,50,30,70,6,4,10,4,4,8,8,5,13,0,0,0,1,0,1,7,6,13,6,7,13,0,0,0,390,407,797,1,1,2,30,41,71,172,240,412,79,81,160,6,7,13,10,11,21,2,2,4,4,6,10,3,7,10,56,56,112,4,4,8,0,2,2,108,118,226,7,10,17,74.8,81.6,78.1,15,13,28,8,12,20,3,4,7,61,62,123,14,18,32,3,4,7,109,115,224,5,2,7,3,3,6,105,99,204,0,1,1,0,0,4231,4,8,12,6,3,9,33,36,69,7,12,19,22,26,48,19,13,32,4,4,8,3,1,4,26,29,55,68,75,143,2,0,2,5,1,6,0,0,0,0,0,0,0,2,2,3,7,10,7,3,10,351,365,716,134,202,336,1,5,6,0,0,959,42.6,61.8,57.5,54,61,115,29,37,66,47,50,49,75,60,85.7,37.5,42.9,0,0,0,0,55.5,64.8,41.7,66,76.2,51.7,40,46.3,33.3,50,70,30,3,6,9,0,0,0,1,0,1,1,1,2,2,0,2,5,7,12,7,1,8,0,0,0,126,89,215,2,0,2,25,19,44,71,48,119,28,22,50,5,3,8,5,3,8,11,12,23,6,1,7,3,3,6,20,13,33,3,8,11,3,1,4,28,11,39,6,10,16,25.2,18.4,21.9,11,7,18,10,10,20,1,1,2,54,54,108,6,3,9,3,0,3,26,17,43,9,7,16,2,0,2,45,51,96,1,1,2,0,0,541,6,3,9,5,9,14,14,9,23,7,12,19,19,13,32,22,26,48,0,0,0,1,0,1,27,21,48,27,10,37,2,1,3,4,6,10,0,0,0,0,0,0,0,0,0,7,3,10,3,7,10,96,46,142,46,20,66,0,0,0,0,0,365
2022-11-20,16:00,World Cup,2022,1,2277789,Qatar,Ecuador,0,2,42.3,59,56.4,72,70,142,41,41,82,59,53,60,70,83.3,50,0,0,0,37.5,33.3,50,72.4,76.3,67.9,80.9,84.2,77,48.5,48.1,48.9,51.9,41.7,60,5,2,7,1,0,1,7,3,10,1,3,4,1,0,1,6,4,10,3,2,5,0,0,0,234,200,434,2,1,3,22,20,42,93,81,174,29,32,61,5,2,7,6,2,8,8,10,18,3,2,5,1,2,3,19,19,38,4,4,8,3,2,5,62,46,108,7,13,20,47.9,46.1,47.1,8,10,18,11,12,23,2,1,3,57,62,119,5,5,10,0,0,0,65,56,121,1,1,2,0,0,0,64,70,134,0,0,0,0,0,532,8,7,15,6,9,15,18,18,36,11,10,21,26,23,49,28,24,52,1,0,1,0,0,0,25,24,49,43,28,71,2,1,3,1,2,3,0,0,0,0,0,0,1,1,2,5,9,14,7,6,13,197,154,351,71,55,126,2,1,3,0,0,585,56.6,67.3,68.1,72,71,143,32,30,62,66,64,81,46.7,50,42.9,50,33.3,66.7,28.6,14.3,42.9,62.4,67,58,84.8,88.3,80.8,51.5,51.9,51.1,48.1,58.3,40,4,3,7,2,1,3,7,2,9,1,1,2,2,1,3,8,7,15,3,3,6,0,0,0,257,229,486,1,3,4,22,30,52,94,100,194,44,51,95,5,6,11,7,7,14,3,3,6,3,1,4,5,11,16,30,25,55,7,6,13,2,1,3,56,53,109,7,14,21,52.1,53.9,52.9,13,11,24,8,10,18,2,2,4,56,64,120,17,15,32,1,2,3,64,64,128,8,4,12,0,2,2,91,73,164,2,2,4,0,0,442,6,9,15,8,7,15,19,27,46,11,10,21,28,24,52,26,23,49,2,1,3,0,0,0,24,24,48,46,39,85,2,1,3,1,1,2,0,0,0,0,0,0,1,1,2,7,6,13,5,9,14,227,185,412,63,58,121,1,3,4,0,0,639
